pt,sema_a,sema_ror,sema_ci_lower,sema_ci_upper,tirz_a,tirz_ror,tirz_ci_lower,tirz_ci_upper,ror_difference
Weight loss poor,1108,181.21187088263974,158.41439972240127,207.29013401767753,72,1.1567131979298093,0.9122579446797721,1.466674453281606,180.05515768470994
Optic ischaemic neuropathy,626,101.74109914578884,88.05979055355044,117.54798859189303,104,2.771316130516552,2.258390564144334,3.4007373291391385,98.96978301527228
Gallbladder injury,90,45.11281682675319,33.502809265404366,60.746137015612554,22,3.025383470459338,1.9345618693740338,4.731275483213265,42.08743335629385
Counterfeit product administered,175,39.284899617943296,31.96663085445334,48.27857352307996,14,0.8382930422329102,0.4913115967401802,1.430324928861255,38.44660657571038
Lack of satiety,27,37.82914223182468,22.48922559189256,63.63242683249696,18,9.647570384741725,5.518755455419821,16.86532680790168,28.181571847082957
Impaired gastric emptying,2085,35.51947606179734,33.49924056385025,37.66154570877197,805,4.358867040503313,4.038785282615488,4.704315913640753,31.16060902129403
Food craving,501,34.46475170021227,30.620676380691943,38.791406662273175,391,11.26611607901326,9.961264456475611,12.741893567868242,23.19863562119901
Glycosylated haemoglobin decreased,82,32.87437746231586,24.62224630502237,43.89220545301663,19,2.3638629828520283,1.470843030090509,3.7990785470521873,30.510514479463836
Medullary thyroid cancer,21,31.519020900547062,17.898026231040255,55.506046627990784,18,12.137332309340922,6.789807664074422,21.69646665646055,19.381688591206142
Hunger,1057,31.156488525637158,28.767061489450334,33.74438427102303,815,10.071671356507187,9.262218171535716,10.95186509698339,21.08481716912997
Drug dose titration not performed,102,29.424736111474896,22.843902493278456,37.90136538556362,40,4.020620114488423,2.866119606546241,5.640164516549492,25.404115996986473
Allodynia,89,22.57265574652095,17.444506080156884,29.20832410557782,91,11.609767691871012,8.984778767021439,15.00167220076086,10.96288805464994
Skin laxity,48,22.183094237448778,15.635309203180476,31.472973354913503,33,6.508655704849211,4.403282213072085,9.620686804607647,15.674438532599567
Increased appetite,828,20.034663719154008,18.43584855525254,21.772133196723768,530,5.376133202366157,4.885466800932436,5.916079135788504,14.65853051678785
Suspected counterfeit product,145,19.286340767717537,15.841216820095589,23.480705076687336,24,1.1451595388645044,0.7592498817090614,1.7272184046975974,18.141181228853032
Appetite disorder,213,18.066376696247094,15.382647227155955,21.218322315452724,33,1.0171797389074606,0.7171678617351162,1.4426951853930068,17.049196957339632
Ileus,373,17.21695819424561,15.257976711558355,19.42745457448835,161,2.979456497372964,2.525573217864992,3.5149093904481346,14.237501696872645
Abnormal loss of weight,172,16.45603619633838,13.793251962920884,19.63287033566619,44,1.6164209441280557,1.1893746731818815,2.1967986434635285,14.839615252210326
Hyperphagia,124,15.979215355670863,12.991720214374954,19.653696290379358,43,2.203250789843611,1.6089615605591234,3.0170478661153313,13.775964565827252
Injection site indentation,116,14.990787709352592,12.12507639913105,18.533797953057167,26,1.3062545528559797,0.8788629380204493,1.9414869862418447,13.684533156496613
Product communication issue,401,12.467808248276134,11.148669377442564,13.943030980029004,10,0.1188847497253988,0.06385018960509556,0.22135539149820763,12.348923498550734
Food aversion,53,12.049253347357972,8.87693086761068,16.35525931136323,46,5.009506728246013,3.630973195292107,6.911413637776305,7.039746619111959
Glycosylated haemoglobin increased,429,11.108540253904398,9.983185117605641,12.360751114891718,177,1.9574889964162696,1.6776867620227882,2.283956253234552,9.151051257488128
Glycosylated haemoglobin abnormal,31,10.180193717552967,6.875454834361649,15.073380107008873,12,1.7061008823379404,0.9471644581765418,3.0731518645854417,8.474092835215027
Dysaesthesia,53,9.566697144518162,7.098074876663922,12.893875571223466,36,3.0103819088298738,2.1224874921101637,4.269706780698346,6.556315235688288
Gastrointestinal sounds abnormal,126,9.330266646754616,7.690604747933939,11.319509785355748,134,4.999391695898031,4.140040235444913,6.037119425803889,4.330874950856585
Eructation,510,9.276412575262784,8.424185901745627,10.2148541437888,1437,21.692835287291768,20.148703509281006,23.35530435418886,-12.416422712028984
Biliary colic,65,9.176280584833885,7.015355628250002,12.002830623798927,68,4.82093440412231,3.7032058589661814,6.2760239138686185,4.3553461807115745
Obstructive pancreatitis,32,9.027637807643933,6.1611655536919345,13.22773161600344,93,22.113690790294573,16.520725222176956,29.60011221010555,-13.08605298265064
Cholecystitis,181,8.787800190456332,7.484828683819826,10.31759515809959,128,2.904757157344523,2.4140799670859603,3.4951676241816023,5.883043033111809
Infrequent bowel movements,37,8.641548863129598,6.065598377094341,12.311459168786802,24,2.599294623966578,1.7005335795739807,3.9730662324669628,6.04225423916302
Starvation,20,8.575962955456546,5.3011977811618465,13.873683580476397,25,5.619459091191126,3.6132748029403188,8.739529152854246,2.9565038642654207
Diabetes mellitus inadequate control,215,8.476724794268314,7.318982235864966,9.817603175159409,14,0.22985828016796278,0.1357345996253716,0.3892510023796302,8.24686651410035
Intestinal obstruction,640,8.145184092209188,7.479892783058508,8.869649047141783,304,1.7253139387097292,1.5345062137664491,1.9398475942301607,6.419870153499459
Vomiting projectile,53,7.739439522708624,5.772972324593973,10.375751130918015,89,7.388851162450837,5.801837951732121,9.409970074147259,0.3505883602577873
Emotional distress,705,7.715584634804885,7.115953663627387,8.365743942533127,43,0.19627135733909037,0.14534371874766266,0.265043760016966,7.519313277465795
Blood glucose decreased,395,7.382521312440992,6.63087488496499,8.219371029337891,348,3.150839217048475,2.8143415800129366,3.527570299993582,4.231682095392516
Acute cholecystitis necrotic,11,7.220909584910952,3.8082102666752244,13.691874025375515,18,6.600888029640075,3.8854027254865495,11.214210175443103,0.6200215552708777
Papillary thyroid cancer,20,7.003600216948138,4.361965834844118,11.245025260632033,34,6.705983490195433,4.556811320125254,9.868790127904093,0.2976167267527048
Skin sensitisation,10,6.5642791535786404,3.37059031759506,12.784039810822208,12,4.0453450956455645,2.1801252613103363,7.506365452151937,2.518934057933076
Acute abdomen,12,6.547539519436081,3.563354896545181,12.030873994656488,17,4.935265122663366,2.9090695878085144,8.37272574470319,1.6122743967727153
Blood glucose fluctuation,85,6.527990416438528,5.193314561439065,8.20567642744613,39,1.3723148944226689,0.9924483469734424,1.8975780202540815,5.155675522015859
Pancreatitis,456,6.215197619602267,5.630266439251292,6.860897591170924,556,3.8767108981891636,3.5402761675427654,4.245117238571215,2.3384867214131035
Pancreatic enzymes increased,18,6.199552270653678,3.7790816803162177,10.170314274168092,35,6.96906755045094,4.753368178002362,10.217576401405388,-0.769515279797262
Muscle atrophy,158,6.190485897099266,5.2367270527918475,7.317951700720071,130,2.4635617081741934,2.0538311802138143,2.9550317223981,3.7269241889250724
Diabetic retinopathy,30,6.1810347104382215,4.21262649210474,9.069208999004749,26,2.6128804759252118,1.7379010516794664,3.928384976160508,3.5681542345130097
Cholelithiasis,333,6.1369767442175664,5.468036615141683,6.887752626742672,429,4.092249040919798,3.6890685526687665,4.539493363655212,2.0447277032977684
Bowel movement irregularity,101,5.816843747493799,4.7229214291118735,7.164140181159093,63,1.7127217194512114,1.3246112281867597,2.214548409268297,4.104122028042587
Hiccups,83,5.688625053448921,4.522248554742144,7.15583290192945,52,1.6853292926003522,1.2703749011814567,2.2358241034636896,4.003295760848569
Wrong technique in product usage process,1871,5.685694559125324,5.411916435117104,5.973322575696386,507,0.66776665827018,0.6110511333275749,0.7297463102130878,5.017927900855144
Retinopathy,25,5.679144956802711,3.739758851504671,8.624269296775909,26,2.953739412378055,1.958842163719527,4.453945640862093,2.725405544424656
Wernicke's encephalopathy,10,5.677176503404908,2.932959190112316,10.98901517602723,13,3.8269655635170556,2.1185699705482004,6.912995854725397,1.8502109398878526
Weight fluctuation,149,5.652387326746865,4.76242249893384,6.7086619254635815,86,1.531529870860929,1.2302029654066031,1.9066640312999397,4.120857455885936
Weight increased,2241,5.613392164816366,5.364960096844933,5.873328231192721,1916,2.258181799368339,2.152947279032615,2.3685601076537925,3.355210365448027
Pancreatitis necrotising,36,5.604834876976331,3.957876734973873,7.937127935435225,32,2.4413305201870354,1.6926720441772298,3.521116053933395,3.1635043567892955
Constipation,2432,5.56728294051803,5.330101348976472,5.815018760522241,3540,4.198315224605436,4.046570411851004,4.3557504086754,1.3689677159125946
Decreased appetite,2197,5.3747117431225035,5.135178473849789,5.625418175583344,1142,1.251662639424138,1.1785443845445622,1.329317235290736,4.123049103698365
Thyroid mass,44,5.21100253759941,3.8088915163708674,7.12925199632372,53,3.2028445890852675,2.3984618004055807,4.276996806911042,2.0081579485141425
Injection site vesicles,72,5.16899788110931,4.0458255066685975,6.603977124291019,124,4.859611445386029,3.9965354846941095,5.909073869247634,0.3093864357232814
Unevaluable event,344,5.045422367657801,4.509506030196974,5.645027791868755,13,0.08428054029062233,0.048881293577974425,0.1453154970284966,4.961141827367179
Malnutrition,122,5.00802870582062,4.149732636292379,6.043847572004458,103,2.061388817316888,1.6834062764873698,2.5242414237790802,2.946639888503732
Discoloured vomit,14,4.942889104480567,2.8407307311470804,8.600657722080916,15,2.6569125490342262,1.552455632100574,4.547108559659133,2.285976555446341
Neck mass,22,4.7900624075849665,3.081359594924198,7.4462902370611275,30,3.3899297328954363,2.304731897884135,4.9860999470343765,1.4001326746895302
Sensitive skin,110,4.706710792639482,3.8638395474918408,5.733448869513586,115,2.45724383560155,2.0252308471844933,2.981411860280521,2.2494669570379324
Dyspepsia,858,4.675643527297375,4.354010414200933,5.021035853073396,1361,3.924992401796472,3.7025564831342757,4.160791448917742,0.7506511255009025
Sunburn,36,4.64186759279507,3.289465951482227,6.550283561783665,17,1.0297762544035038,0.6327635384193858,1.6758853343260547,3.6120913383915667
Feeding disorder,277,4.634078515703769,4.091600498884539,5.2484800741327815,550,5.134125073135209,4.675705502782441,5.637489412220172,-0.5000465574314399
Dehydration,853,4.588422880557754,4.272190032445217,4.928063679502508,1018,2.7558113666168107,2.580407266308102,2.9431386229353556,1.8326115139409436
Regurgitation,30,4.568371261108698,3.1337123828322264,6.659837735479001,33,2.5268819803703524,1.7606463124125786,3.626584452371342,2.041489280738346
Early satiety,19,4.510495174037831,2.8098092154561245,7.240550925346711,38,5.028347963741254,3.528523308700706,7.165684064524756,-0.5178527897034231
Optic neuritis,51,4.421534827645597,3.3127252869358217,5.901476439709902,25,1.0224274664460653,0.6842947909076892,1.5276426739369084,3.3991073611995315
Body mass index increased,15,4.376566108477555,2.5712338959690215,7.449470439816084,11,1.5533354985522752,0.841833972723361,2.8661841280377303,2.82323060992528
Retching,152,4.33663911385667,3.668604574504655,5.12631940071406,123,1.7080730201601124,1.4210651907097551,2.053046870243671,2.6285660936965574
Intussusception,10,4.3309753682959045,2.2585801876482856,8.304928797022997,11,2.394810647711802,1.2831995925279958,4.469388917974347,1.9361647205841024
Off label use of device,17,4.277153846812812,2.5965879033975736,7.045417182051996,46,6.9700056673953315,4.99200340850411,9.731759982527873,-2.6928518205825194
Colitis ischaemic,49,4.221780145509811,3.146679536201941,5.664201705946139,57,2.482874481994856,1.8864975265540993,3.2677836077536138,1.7389056635149553
Postmenopausal haemorrhage,24,4.0181012105553435,2.6429705865629844,6.1087086705955524,64,6.343689912080509,4.795407075079043,8.391863520777056,-2.3255887015251657
Flatulence,426,3.991646266038909,3.6121744651501766,4.410982931999642,746,3.7384470524786773,3.457096580707018,4.04269479834094,0.2531992135602317
Abdominal pain upper,1461,3.975189241522568,3.763811061452805,4.198438563442994,1845,2.521073658010806,2.400829124340957,2.647340589414375,1.4541155835117618
Nausea,4812,3.9582932615193096,3.8354948359595498,4.085023240624281,8218,3.5121104668494896,3.426826822747264,3.5995165701034515,0.44618279466982
Drug titration error,32,3.932586888072926,2.7368717206854623,5.650699488527638,103,7.953104334429394,6.337976117964743,9.979821220063405,-4.020517446356468
Blood glucose increased,825,3.912805438047329,3.6406919834805564,4.2052572602904235,764,1.76833130075976,1.6418245133165439,1.9045857604659968,2.144474137287569
Breath odour,14,3.844382040186582,2.223846599232197,6.645815082754279,23,3.338683552971945,2.1498396533493773,5.184948491167247,0.5056984872146368
Vomiting,2993,3.8161820537847118,3.6705866641972125,3.967552546757155,4316,2.778711345503286,2.6894976109704913,2.8708844024005344,1.0374707082814258
Weight decreased,1717,3.8090143876028,3.6214856802404225,4.0062537549511825,635,0.6374229173366706,0.5888098586503521,0.6900495458369462,3.1715914702661294
Visual field defect,32,3.7992484166553306,2.6454653372225736,5.45623801165066,11,0.6129546549376899,0.33652619391947153,1.1164462552941368,3.186293761717641
Lipase increased,42,3.663009132730697,2.6718576317683698,5.021837895452546,137,7.41062972943999,6.0977218102796495,9.006221453769669,-3.7476205967092935
Blindness unilateral,80,3.6188980927016727,2.879343574882598,4.548405935159647,54,1.1805845316767605,0.8974060029385817,1.5531206966194382,2.4383135610249123
Pancreatic carcinoma,78,3.6018584811392533,2.8575917554214016,4.539971286500865,57,1.2783386148341587,0.9782642493141532,1.670458278856448,2.3235198663050944
Bile duct stone,22,3.541915992589124,2.2919715410466757,5.473527342677908,30,2.4786871962154433,1.6975495555387128,3.61927002168289,1.0632287963736808
Food intolerance,27,3.523767231759331,2.3790277994622198,5.219331823876826,20,1.270487805545097,0.8089187409904234,1.9954281959921927,2.253279426214234
Visual impairment,845,3.4962102715482617,3.256811262777956,3.7532068261313136,473,0.9234759013755727,0.8419658092727818,1.0128769256770758,2.572734370172689
Skin wrinkling,16,3.465139023438065,2.080979420113473,5.769969820796483,15,1.6076881331801214,0.9508195329377647,2.7183509004935025,1.8574508902579436
Abdominal distension,661,3.189370863382387,2.9449008402812087,3.45413548906495,859,2.096239140763405,1.953462901146683,2.249450722964379,1.093131722618982
Pancreatitis acute,123,3.110083231249143,2.588837494157998,3.736278436605023,198,2.606967075486557,2.2485441427372885,3.0225234201528344,0.5031161557625858
Gallbladder disorder,70,3.098959670217233,2.4304994213425672,3.951266539420965,143,3.412508806706125,2.8591464744823702,4.072969489244215,-0.3135491364888918
Optic neuropathy,11,3.0807445426073947,1.6700168238109496,5.683168457636839,10,1.3840451511748968,0.7297631459872115,2.624935214972218,1.696699391432498
Nervousness,160,3.044503439270109,2.5922859746218982,3.5756090502628535,50,0.4492249937639021,0.33943058298389933,0.594534214472213,2.5952784455062066
Eating disorder,97,3.023381450555675,2.4597859977880394,3.7161100208652416,32,0.47236961115599263,0.3327200559209225,0.6706330008452981,2.5510118393996826
Pancreatic cyst,14,2.970569602680003,1.7273991472532741,5.108421975545066,23,2.5436806818530475,1.6498822514204254,3.921680717312965,0.4268889208269555
Small intestinal obstruction,69,2.9701335911801707,2.3261964343479566,3.7923252822496822,60,1.2719319744032964,0.980009113847849,1.6508121451619895,1.6982016167768743
Cholecystitis acute,25,2.9592185135729503,1.9723410517815547,4.439888427593696,64,4.235514349386481,3.2372711121881124,5.541575352251913,-1.2762958358135306
Blood glucose abnormal,77,2.9362817674647452,2.3300212364077217,3.7002884279451265,105,2.0427881436983966,1.6715842526317575,2.4964242116212554,0.8934936237663487
Faeces hard,29,2.8947488255320857,1.9866743710832986,4.217888389202987,26,1.2816012335527867,0.8624655371098613,1.9044259175248666,1.613147591979299
Depression suicidal,11,2.7506317153140882,1.4944193047391356,5.062819256481991,33,4.725333209922251,3.2383796206250635,6.895045226502595,-1.974701494608163
Parosmia,34,2.7479117733411624,1.9420223796248146,3.888224560793052,29,1.1544436826267475,0.7942647944203792,1.6779545382335417,1.593468090714415
Intestinal ischaemia,27,2.6202516290020657,1.7759646899017645,3.865909405928419,25,1.2011208587559046,0.8025804710649147,1.797565938060102,1.419130770246161
Adverse drug reaction,467,2.6160341510501772,2.381203450720865,2.8740235015991766,22,0.05714530794304341,0.03760290386484239,0.08684399033763157,2.558888843107134
Hyperaesthesia,20,2.609685370602505,1.661020876551433,4.100163838805219,25,1.648358704077949,1.0969628981528674,2.4769173341092303,0.9613266665245559
Retinal vein occlusion,15,2.6040672998172596,1.5456596686166417,4.387231315964054,10,0.8460611693500061,0.44958169093622424,1.592190066261935,1.7580061304672534
Product use in unapproved indication,1716,2.5935883624657756,2.467378743478314,2.7262537669572113,23,0.015524893212621849,0.010314299034719907,0.023367783739058224,2.578063469253154
Taste disorder,194,2.586380217887233,2.236481171378645,2.9910212154188867,119,0.7681140985885956,0.6395944441938584,0.9224584012673889,1.8182661192986371
Vitreous detachment,11,2.553050373011464,1.3889435928147926,4.692822833737009,19,2.2955354007235464,1.4293240869626709,3.6866955675341067,0.25751497228791775
Gastrointestinal disorder,623,2.533919858122759,2.335534856014535,2.749156079111373,842,1.7308781519023733,1.612752390593899,1.8576560135370284,0.8030417062203858
Food poisoning,38,2.5270277039961457,1.8212116570507306,3.5063848795616126,85,3.0389730002893316,2.420272836918495,3.8158329737097123,-0.5119452962931859
Post-traumatic stress disorder,32,2.4857042698529734,1.7398849917966517,3.551226515716413,15,0.5616871410306377,0.3363197113276367,0.9380730114026063,1.9240171288223358
Gastrooesophageal reflux disease,391,2.4839691870411773,2.241893820745114,2.752183384010273,838,2.8430472047000857,2.644130325250451,3.0569285223818756,-0.35907801765890834
Pancreatitis chronic,12,2.471165680610046,1.3804209536987624,4.423766391449255,21,2.2509562649416397,1.4349680501844582,3.530952557465446,0.22020941566840646
Illness,1100,2.4436063580547507,2.297417297439059,2.5990977084492832,1495,1.670620403259615,1.5840400094667217,1.7619331046612383,0.7729859547951357
Pancreatic disorder,26,2.427788502307021,1.634774682197097,3.605485866720523,49,2.399139149849576,1.7849374300497318,3.224689315961388,0.02864935245744471
Vision blurred,569,2.389319686888143,2.1943738685868617,2.601584282366455,431,0.8793776347487694,0.7983423070444381,0.9686384119604169,1.5099420521393734
Eye haemorrhage,41,2.3768344392014518,1.7349131201988388,3.256267928117696,16,0.4457027844027744,0.27161760118764566,0.7313626626396312,1.9311316547986774
Blindness,177,2.3713885433589894,2.03744660040823,2.7600642993281537,88,0.5682934290374264,0.45977667265838873,0.702422373061697,1.803095114321563
Drug effect less than expected,208,2.360191931701459,2.0517460561824867,2.7150075116182957,55,0.2966817053706603,0.2273277137975955,0.38719447282179237,2.0635102263307985
Vitreous floaters,49,2.3566334925169112,1.7670303308034425,3.1429689243235908,45,1.0711407206707124,0.7937828768482912,1.445410926517447,1.2854927718461988
Photopsia,23,2.351314839992401,1.544770592007785,3.5789660324790984,16,0.7998874431997127,0.48547292938142483,1.3179312028866639,1.5514273967926882
Blindness transient,26,2.344405909355838,1.579213606516426,3.4803645593876813,39,1.7996326858156213,1.2974648580989834,2.49615839969738,0.5447732235402165
Renal pain,42,2.3349832821818,1.7110464586669647,3.1864400294052375,39,1.0738644480751398,0.7783032023312333,1.481665306509876,1.2611188341066601
Gastroenteritis viral,91,2.314192013908657,1.8734067601140707,2.858687601251377,140,1.8245488677888608,1.5348648137459897,2.168906695323161,0.4896431461197963
Ketoacidosis,24,2.2712014522799553,1.5059449546163923,3.425328409930202,58,2.95795979211882,2.246633653134636,3.894505060753345,-0.6867583398388648
Appendicitis perforated,10,2.2584927418751706,1.1952569931561985,4.2675253056948605,22,2.6428239925598866,1.6960103047738888,4.11820531749738,-0.3843312506847161
Bipolar disorder,27,2.251022154702112,1.52816537884387,3.3158065292601,12,0.48310805595854495,0.2725666477046083,0.856280090383555,1.7679140987435669
Appendicitis,45,2.1664924866224804,1.6052988875142324,2.9238727635697335,109,2.8185405677377644,2.3073364714127127,3.4430049671600527,-0.652048081115284
Cold sweat,57,2.1645349242955767,1.6582950884220622,2.825318286960275,70,1.3375199418247552,1.0502778270371007,1.7033203488886965,0.8270149824708215
Volvulus,12,2.163553812741487,1.211024514634232,3.865293430531442,15,1.3630073405501129,0.8084204762065952,2.2980479404862644,0.800546472191374
Hypoacusis,177,2.158106388952118,1.8548698891449793,2.5109163792522593,114,0.6768698096440956,0.5616070805444446,0.8157887517434474,1.4812365793080224
Epigastric discomfort,12,2.1270324561023566,1.190867662731263,3.79913504321411,10,0.8743859884767698,0.4644418065971101,1.646171481517218,1.2526464676255866
Menstruation delayed,18,2.124233768886289,1.3228428202956404,3.4111150891444413,29,1.75697825010475,1.202699167854371,2.5667038390392696,0.36725551878153917
Inappropriate schedule of product administration,1394,2.0962962661420383,1.9844701744577786,2.214423825564302,325,0.22600514892398618,0.20254801356204571,0.2521788609124352,1.870291117218052
Thyroid cancer,23,2.082664221924893,1.3700145006829356,3.166017775084741,37,1.7186805396825398,1.2290774290275661,2.403317095994947,0.3639836822423532
Abdominal discomfort,661,2.064119520901601,1.907739657178201,2.233318042394227,1100,1.7612970886755182,1.6554253379969366,1.8739398046972484,0.3028224322260826
Ileus paralytic,19,2.062650426167758,1.3012318342122546,3.2696147363668344,41,2.3482643626602537,1.7002109728533756,3.243330154307691,-0.28561393649249567
Sluggishness,32,2.043557662305714,1.4329415029867845,2.9143743205593444,28,0.8838676287584777,0.6055117027819054,1.2901847835111397,1.1596900335472364
Gastrointestinal pain,49,2.04316797846222,1.5335483540881536,2.722141350864394,117,2.603844926116169,2.148330553285965,3.1559428268106133,-0.560676947653949
Panic reaction,21,2.032934085674596,1.3118279824158359,3.1504290593700297,12,0.566018295626441,0.31899038759844045,1.0043459722904438,1.4669157900481549
Injection site haemorrhage,306,2.030297384276623,1.8093871082652808,2.2781788649707457,1292,5.1018303747752425,4.798899292529565,5.423884017215795,-3.0715329904986195
Self-injurious ideation,13,2.022662473990553,1.1592537019236657,3.529135578261003,12,0.925371144464747,0.5190242462600811,1.6498492337849302,1.097291329525806
Gastroenteritis,56,2.0222911244476482,1.5463275953125886,2.6447574268329683,93,1.7254865116583062,1.3964187251137457,2.132099526001582,0.296804612789342
Injury associated with device,96,2.0007782641077085,1.6299051787947207,2.4560408263050433,362,4.335257121698427,3.8704371640989805,4.855899608852632,-2.3344788575907183
Sleep apnoea syndrome,50,1.995764518694288,1.5025177987751883,2.6509343299133885,52,1.0340016451805936,0.78261627044211,1.3661349023988374,0.9617628735136945
Diarrhoea,2459,1.9923683668222267,1.9106913537899723,2.077536856614785,5177,2.21250195067347,2.147854983597255,2.2790946870795836,-0.2201335838512435
Retinal haemorrhage,23,1.9721212683373155,1.2979783076557896,2.9964000739369627,22,0.9363579785710743,0.6108173714095346,1.4353983777679156,1.0357632897662412
Haematemesis,62,1.9700058754980352,1.5267383820327247,2.5419699898614296,72,1.1461321564927824,0.9039644403974187,1.4531754363803038,0.8238737190052527
Faecaloma,25,1.9670356080039537,1.3169507406450764,2.938021114791458,31,1.2270813205188473,0.8541452327268371,1.7628484120426193,0.7399542874851064
Macular oedema,19,1.9660975070135585,1.2409468773910146,3.114991848169921,12,0.6071458740522453,0.34198083482997227,1.0779145344853618,1.3589516329613132
Skin odour abnormal,12,1.9388421193436058,1.0868489796110268,3.458722264326139,10,0.79761437709359,0.4241366569610677,1.4999615904568997,1.1412277422500159
Polymenorrhoea,13,1.9297319005066405,1.1066420122398302,3.3650134069064594,15,1.1155899045861641,0.6636015161602689,1.8754339839603278,0.8141419959204763
Faeces discoloured,61,1.9294191799517508,1.492357342892762,2.494481894497027,51,0.7958266357208281,0.6016318729936916,1.0527035925993444,1.1335925442309227
Oesophageal pain,10,1.9181296570066275,1.0176176530254055,3.615524327973217,14,1.3608886648207617,0.7925233360434578,2.3368623658244942,0.5572409921858659
Product use issue,804,1.9101211715918647,1.7783951651769059,2.051604143784622,267,0.3004531816123717,0.26619695686436223,0.3391177547795709,1.609667989979493
Thirst,64,1.882682383645111,1.4652865598884777,2.4189759564555118,64,0.9359024085037219,0.7284872387797415,1.2023729059554609,0.9467799751413891
Depression,494,1.8682336225380731,1.7061903614261036,2.0456667364269947,404,0.747826029282863,0.676974201075275,0.8260931793038733,1.12040759325521
Feeling jittery,42,1.8657752167458193,1.369468569803478,2.541947465010064,54,1.2084109077453835,0.9183994175808253,1.5900020122013083,0.6573643090004357
Retinal detachment,30,1.8455751640098756,1.280204901685459,2.66062696801559,31,0.9498984502627048,0.6627097632518637,1.3615418330098832,0.8956767137471708
Gastritis,73,1.8278423090031137,1.4456600397418247,2.311060287160246,144,1.8732809277123177,1.5793803806889821,2.2218722462538705,-0.04543861870920396
Product storage issue,74,1.8246457242030731,1.4454363790925593,2.3033404077893085,89,1.100686875423603,0.8892645391015057,1.3623747990152177,0.7239588487794701
Diabetic ketoacidosis,62,1.8010379008221202,1.3964716805262007,2.3228093812654227,67,0.9709729273710924,0.7599323135145937,1.2406215776340763,0.8300649734510278
Amylase increased,13,1.7964028641569987,1.0310515708311567,3.129875693560168,60,4.882295678140828,3.6858056837040722,6.467191473001818,-3.085892813983829
Drug intolerance,341,1.7909614081245506,1.6061985451324405,1.9969777554038266,192,0.4891208318244328,0.4238192445440487,0.5644840134194526,1.3018405763001177
Off label use,3863,1.7765550396681349,1.7171153441359939,1.8380523007662812,1959,0.40199937353433957,0.3841635766724801,0.42066324382380754,1.3745556661337952
Product dispensing error,108,1.76874192118918,1.4585682779210019,2.144875924650702,340,3.0516578267062457,2.7228051761156906,3.420228363375859,-1.2829159055170658
Gastrointestinal motility disorder,21,1.7645090194978257,1.140138330243454,2.730802041559601,42,1.832914220982978,1.3369633458696737,2.5128396764656897,-0.06840520148515239
Pain of skin,62,1.751364547054638,1.3581517223469044,2.2584205624535083,120,1.7549932082306183,1.4564934257509143,2.1146687698556987,-0.0036286611759803744
Fluid intake reduced,19,1.7428119467907233,1.1013015447299022,2.7580034699954967,125,7.432735853319498,6.059809775534002,9.116715592009283,-5.689923906528774
Asthenopia,20,1.7396032228112905,1.1121360510309959,2.7210873795611596,20,0.8653136619202003,0.553231534590672,1.3534436970585004,0.8742895608910902
Menstrual disorder,22,1.7276092658763662,1.127756784107498,2.646522563731597,16,0.6179756846645504,0.37585305501775224,1.016072482951036,1.1096335812118157
Cholecystitis infective,10,1.7215712436138402,0.9146354931425573,3.2404248130092603,35,3.341073490529103,2.3382859335222546,4.773912338557068,-1.6195022469152627
Lethargy,132,1.6892515768244278,1.4190391590714575,2.010917649144396,197,1.2785476184635556,1.1070231956745697,1.4766483837610351,0.41070395836087226
Depressed mood,176,1.6868891702519928,1.4504102905288614,1.9619242164062904,667,3.5988878551653527,3.313971303264453,3.90829992441341,-1.91199868491336
Hypoglycaemia,116,1.682856526014839,1.3973928326784748,2.0266356180763,276,2.1102232747632024,1.8641054465065654,2.3888360380565254,-0.42736674874836345
Euglycaemic diabetic ketoacidosis,23,1.6631337354178217,1.0962246474070811,2.5232180542805134,33,1.2078779386236724,0.8503307217496764,1.7157666744202016,0.4552557967941493
Product dispensing issue,55,1.6475253417916689,1.2581629637604845,2.15738328819738,45,0.6653344549659178,0.494425930716277,0.8953210369114278,0.9821908868257511
Endometriosis,14,1.6381881868273533,0.960346835975217,2.794470117387826,14,0.8149366919114559,0.477759876834389,1.3900744788868047,0.8232514949158974
Feeling abnormal,461,1.6354635442446346,1.4892759148093093,1.7960009813867852,590,1.0479802088397845,0.9644718064841475,1.1387191525312148,0.5874833354048501
Injection site injury,29,1.613797959446494,1.113551674408947,2.338772338783475,421,24.37789577520256,21.180615108990825,28.057816043990915,-22.764097815756067
Hypophagia,77,1.6079234588817353,1.2803152183757078,2.0193603985292268,269,3.0951587660957873,2.7226022023041496,3.5186953787196664,-1.487235307214052
Panic attack,82,1.6025545410951574,1.2850731468567287,1.9984707201037124,153,1.5384034958480648,1.305242449675551,1.813215097797227,0.06415104524709259
Diverticulitis,84,1.5884834945507256,1.2771994645774305,1.9756348811929136,91,0.8580019142668182,0.6956377458650802,1.0582624207230769,0.7304815802839074
Dyschezia,17,1.583479514077232,0.9755679126239222,2.5702027906578584,16,0.7397017304416766,0.44925571351831506,1.2179225184102294,0.8437777836355553
Eye disorder,90,1.5280393145912021,1.2378787879069075,1.8862138763072034,52,0.4318411679193217,0.3281114766595211,0.568364131021969,1.0961981466718804
Bell's palsy,15,1.5146900885291814,0.9048291841534711,2.535601309583089,15,0.7534900089092879,0.45013479262196837,1.2612826265196597,0.7612000796198936
Skin atrophy,17,1.5130068782683899,0.9325152256867965,2.45485516014119,11,0.4808406190312815,0.26447968505175434,0.874198337256574,1.0321662592371084
Dysgeusia,106,1.5030629371159971,1.2379721500284726,1.8249184304184936,142,1.0131889244880343,0.8559977026269145,1.199245971753082,0.4898740126279628
Hepatic steatosis,53,1.4827908673365173,1.1272589746498405,1.9504557565749716,50,0.6940757436347813,0.5235991384024048,0.9200571631421196,0.788715123701736
Abdominal pain,657,1.4743704254797743,1.3630472132303406,1.5947856614428708,1464,1.712640431253199,1.622913117874651,1.8073285713559009,-0.23827000577342483
Cataract,182,1.461180676206285,1.2599649090257403,1.6945305009879748,110,0.4318652026700478,0.3575078884219694,0.5216879384129983,1.029315473536237
Aspiration,35,1.455941552730671,1.0392477511227554,2.039711707509302,26,0.5330500076050014,0.361145452194986,0.7867808077901001,0.9228915451256695
Norovirus infection,15,1.4485128337068458,0.8656358345929945,2.4238708075203066,19,0.9212473637040897,0.5818466265751698,1.4586261505498144,0.5272654700027561
Presyncope,63,1.446739015822483,1.125177574063748,1.8601986283317296,89,1.0310508696545815,0.8332851363788365,1.2757528598616055,0.4156881461679016
Hormone level abnormal,14,1.4413978370434901,0.8460018683160918,2.455819310150019,18,0.9310926072541272,0.5806464376181498,1.4930487593095496,0.5103052297893629
Anxiety,575,1.4400362715249528,1.3242901985926372,1.5658988230157374,633,0.7856667111351466,0.7254633954809727,0.8508660599983471,0.6543695603898062
Suicidal ideation,176,1.4316886897521501,1.231524108106651,1.6643868283792622,175,0.7063804943888607,0.607477464214566,0.821385865726222,0.7253081953632894
Breast pain,18,1.4239903158567386,0.8901229372009735,2.2780543393591324,16,0.6272545467664981,0.3814555843351141,1.0314392621228348,0.7967357690902406
Abdominal tenderness,12,1.4159175294638924,0.7964600077081092,2.517166500314565,17,1.0121690912893426,0.6220660967443906,1.646909025782286,0.40374843817454975
Hiatus hernia,26,1.4111995638266095,0.9545726808244489,2.0862572844892235,36,0.9847266205845526,0.7048631305169721,1.3757089501569906,0.42647294324205687
Musculoskeletal chest pain,40,1.4075392024024762,1.0269736968351517,1.9291308165001742,53,0.93780852582441,0.7121152969053511,1.2350315109518668,0.4697306765780662
Ageusia,50,1.3624212379810354,1.0278030078632907,1.8059799548170532,55,0.7476248144633976,0.571246585864405,0.9784616259117637,0.6147964235176379
Vaginal haemorrhage,51,1.359696764110827,1.028604979839017,1.7973617924956953,82,1.109290942698022,0.8882306049121625,1.3853681563624498,0.2504058214128051
Thyroid disorder,37,1.356435971893202,0.9775652310777063,1.8821440118297343,37,0.6745535402642733,0.4861809480047968,0.9359117845946016,0.6818824316289287
Memory impairment,287,1.3464959745468004,1.1966218332738918,1.5151415084165132,69,0.1560931188990346,0.12316079503104846,0.19783131280928967,1.1904028556477657
Macular degeneration,32,1.3363304485820107,0.9397144573995603,1.9003422302867652,18,0.36863044736596706,0.23129595952594229,0.5875087788119865,0.9677000012160436
Dizziness,1079,1.2866829934743997,1.20993502175557,1.368299202790326,1483,0.8815408135030376,0.8364340345697128,0.9290800873153955,0.40514217997136215
Supraventricular tachycardia,17,1.2866660652068378,0.7940131820583533,2.084990023796835,15,0.5626959405987152,0.3369196874527742,0.9397691300264375,0.7239701246081226
Ventricular extrasystoles,16,1.2826123357922123,0.7798632752445321,2.109465153889344,18,0.7205576220444598,0.45037932814663995,1.1528133158840679,0.5620547137477525
Abnormal faeces,23,1.2763106071210872,0.8428133163010595,1.932775306634949,15,0.4096432437760457,0.24572749769532984,0.6829011353846138,0.8666673633450415
Injection site discolouration,33,1.2695225101561924,0.8977822867348412,1.7951873495464603,69,1.365871354502318,1.0705059589548969,1.7427315947604167,-0.09634884434612556
Aphonia,36,1.262410500801926,0.9060308144203004,1.7589691732004096,21,0.3616085255180396,0.23488641724895082,0.5566976892867346,0.9008019752838863
Nerve injury,19,1.2548946491920339,0.7950174558483998,1.980787426724232,16,0.5231650267942197,0.3185381847940978,0.8592428108344896,0.7317296223978141
Dry mouth,189,1.2435857867842963,1.075681307997409,1.4376986916050811,227,0.7460130019155989,0.6533621492987877,0.8518023268173979,0.4975727848686974
Chromaturia,42,1.2373474364793076,0.9102227131877675,1.6820374358710186,51,0.751979552075351,0.5686447722383795,0.9944226595340888,0.4853678844039565
Cyst,23,1.2276337623263252,0.810858525210033,1.8586283643168395,14,0.3674307802813103,0.21660210132534882,0.6232874818483256,0.8602029820450148
Breast cancer,63,1.2220396317251425,0.9510379221138101,1.5702642626360066,83,0.8080460795952158,0.6488678113240288,1.006273474125435,0.4139935521299267
Urine odour abnormal,11,1.2191056256287813,0.6693478721505226,2.220397775621108,11,0.6064838186374348,0.3330035795503483,1.1045605658825424,0.6126218069913465
Spinal stenosis,18,1.2039647751832496,0.7534836427223423,1.9237725913264494,10,0.32849301702407147,0.17588132197949308,0.6135254216826866,0.8754717581591782
Tenderness,18,1.2001410618107207,0.7511061895135139,1.917623084928991,16,0.5289621070279278,0.32204622888298895,0.8688221925215798,0.6711789547827929
Dry throat,21,1.1920447505999476,0.7724480711526232,1.83956791465938,17,0.47738701000942896,0.2951541004225812,0.7721334618067427,0.7146577405905187
Asthenia,734,1.1851346736640178,1.1004704356678519,1.2763125198073406,844,0.6748100428716408,0.629833377871482,0.722998510335132,0.510324630792377
Erectile dysfunction,49,1.182369270158425,0.8899526260626811,1.5708668642284593,22,0.2598136372199493,0.1706186536422528,0.3956374326279565,0.9225556329384756
Burning sensation,122,1.1758701709936463,0.9819504690792183,1.408085949924915,108,0.5152587748172794,0.4256439684128823,0.6237410247257921,0.6606113961763669
Fear,26,1.1693273443451888,0.7918257299001834,1.7268022326146628,13,0.2867496568682863,0.1658746490878482,0.4957078502727255,0.8825776874769025
Glaucoma,34,1.1592814389808666,0.8243950094868204,1.6302057136446482,10,0.16626832925862353,0.08923629255033108,0.3097972419558065,0.993013109722243
Malaise,735,1.158312827219541,1.0756415529977472,1.2473380207022706,934,0.7322163215232966,0.68565778697981,0.7819363415483168,0.42609650569624447
Cardiac flutter,14,1.153039732666319,0.6779543110849148,1.9610475269043532,16,0.6581346181072563,0.40009220257776823,1.082603391819394,0.49490511455906283
Oropharyngeal discomfort,33,1.1522990715896813,0.8152661612765424,1.628662163909005,36,0.626755760631991,0.4498614982310575,0.8732082763918247,0.5255433109576902
Feeling cold,50,1.1446551591177831,0.8641318648237641,1.516244784656997,103,1.208229993153397,0.9904302577662021,1.473924796732188,-0.06357483403561393
Cardiac disorder,135,1.137057012184849,0.9580674231774146,1.349486077577775,67,0.2761877410158183,0.2170067354788333,0.3515082982060756,0.8608692711690307
Mood altered,51,1.108888361819772,0.8395458088734853,1.4646412214591096,65,0.7079596697907526,0.5528449760622752,0.9065957289151038,0.4009286920290194
Colitis,101,1.0978557890741385,0.900793020823237,1.3380291651261733,111,0.6011074074861351,0.4976648521468682,0.7260511040230517,0.4967483815880034
Injection site bruising,210,1.0962554936430702,0.9555104178685146,1.2577320821090041,1183,3.536217160081581,3.3235068162914767,3.7625413439677895,-2.439961666438511
Renal disorder,78,1.092603101786992,0.8724268709829663,1.368345677717971,73,0.5073335366082508,0.4021694541923951,0.6399971819945903,0.5852695651787412
Alopecia,321,1.0835930882160345,0.9694597666187452,1.2111631872303623,1651,3.153269872970428,2.9927124476968587,3.3224411184024674,-2.0696767847543933
Lip swelling,55,1.0806093880190004,0.8266736809777073,1.4125484775246981,82,0.811554264040824,0.6508058108327945,1.0120074414210427,0.26905512397817644
Laryngitis,27,1.0800966838094703,0.7370386179836498,1.582832728043152,15,0.2950220891029083,0.17721480782045365,0.49114424538849777,0.785074594706562
Headache,1174,1.0755555711800435,1.014029371608267,1.140814870935834,1609,0.7325981820041635,0.6966548709448949,0.7703959573954636,0.34295738917588003
Neuralgia,53,1.0646940797751394,0.8104769881202999,1.3986498076117782,50,0.49864527303603895,0.3766501699854203,0.6601539787724261,0.5660488067391005
Blood cholesterol increased,92,1.062025609664286,0.8632939420055787,1.3065056300088222,43,0.24319720509666246,0.1800333984943504,0.3285217135346368,0.8188284045676235
Joint injury,43,1.058722780068293,0.7821101221939177,1.4331663703460147,16,0.19275964799382211,0.1178165668769375,0.31537399942669286,0.865963132074471
Brain fog,133,1.0555986867214422,0.8884394299611706,1.2542088406147547,149,0.589203712973433,0.5005836004668097,0.6935125622532206,0.4663949737480092
Blood urine present,29,1.0518907717682757,0.7275645783563249,1.520791732647219,22,0.39445492213655015,0.2586914872424233,0.6014681320067634,0.6574358496317256
Apathy,26,1.0490621337723482,0.710772087437097,1.548360409710643,36,0.729576940642569,0.5232489685018051,1.0172643318178547,0.3194851931297793
Injection site inflammation,11,1.0476687173724255,0.5759053982684504,1.9058854885905192,53,2.7773034839040904,2.085127108129026,3.6992539263599173,-1.729634766531665
Back disorder,26,1.0390736309068056,0.7040363181667003,1.5335487425667285,14,0.27509079834795314,0.1623535639450169,0.4661120180973822,0.7639828325588525
Limb injury,61,1.0344090786194937,0.802189393701305,1.333852267721262,43,0.35977723369704234,0.2661148030237002,0.4864053273848442,0.6746318449224513
Diarrhoea haemorrhagic,15,1.0145327278391416,0.6078513826226043,1.6933031416591764,24,0.8194775031975854,0.5449771177773451,1.2322414214119592,0.19505522464155622
Muscle spasms,305,1.0136803699732369,0.9044065402499485,1.1361570784142025,347,0.5735555091485623,0.5153913861816124,0.6382837022401191,0.4401248608246745
Palpitations,220,1.013385385758469,0.8861710261200374,1.1588620139897623,359,0.8346169807138929,0.7508509100394285,0.9277281217644069,0.17876840504457603
Irritable bowel syndrome,58,0.9979816870689269,0.7690244219553324,1.295105095872743,60,0.5136855632814584,0.397569870636656,0.6637144245896488,0.48429612378746845
Intestinal perforation,19,0.992566482815814,0.6296951723712984,1.5645478416157232,18,0.46715320127393994,0.2927979828657448,0.7453333910450985,0.5254132815418742
Uterine leiomyoma,11,0.9914467629999705,0.5452130213715258,1.8029039023873465,13,0.5854344704968149,0.337354176816798,1.0159456820124364,0.4060122925031556
Musculoskeletal discomfort,33,0.9872005950500604,0.6989189292577437,1.3943892117819552,29,0.43019684722720003,0.2978150775194247,0.6214236327647041,0.5570037478228604
Hyperthyroidism,30,0.9867093037554608,0.6869068655198346,1.4173613614718974,34,0.5579477185238801,0.39686030323585325,0.784421253694892,0.4287615852315807
Haemorrhoids,33,0.9802124288345622,0.6939908867223546,1.3844798599295527,42,0.6244912969126671,0.45940035532433127,0.8489096175041855,0.35572113192189503
Vertigo,92,0.9608861678806159,0.7812694144186941,1.1817974831528264,129,0.6760787607430351,0.5672530429194398,0.8057823513390163,0.2848074071375808
Hyperhidrosis,169,0.9573368871017692,0.8216498286689689,1.115431274281867,185,0.5214040445086814,0.45053462159905344,0.6034212790686498,0.43593284259308784
Chronic kidney disease,57,0.9564145256027794,0.7354139013565003,1.243828465979139,22,0.18089383863313765,0.11888554531479478,0.2752444022423932,0.7755206869696417
Tremor,218,0.9544982749041084,0.8342431802483634,1.0920879886889627,270,0.5900034546587706,0.5226603204676941,0.6660235393377264,0.36449482024533786
Enteritis,14,0.9483984973018751,0.5583340270794954,1.610970612680194,19,0.6455409491682395,0.40890293085513607,1.0191247985959433,0.30285754813363563
Abdominal pain lower,39,0.941888540284808,0.6856464194179337,1.2938943414493123,61,0.7422294682746373,0.5748876684962206,0.9582821371282771,0.19965907201017064
Muscle strain,13,0.9413893689847641,0.543262118678862,1.6312824207082237,10,0.3583690005773563,0.1917932023425158,0.6696188342768176,0.5830203684074078
Migraine,190,0.9328978672518622,0.8076640985887151,1.077549976832947,233,0.5708917991398146,0.5011112296743558,0.6503894285843284,0.3620060681120476
Diplopia,42,0.9153434225260639,0.6741186547388243,1.2428873986380637,36,0.3888928850051976,0.2796453537124621,0.5408195559121356,0.5264505375208663
Gastrointestinal inflammation,16,0.9142777761876139,0.5570853501630935,1.5004951248239566,12,0.33923596782320636,0.1917642930874604,0.6001171543049519,0.5750418083644075
Blood potassium decreased,41,0.9105568723500979,0.6681260393899664,1.2409542046004016,63,0.7041694138079537,0.5477616662012047,0.9052377958126392,0.20638745854214413
Transient ischaemic attack,38,0.9082991519463214,0.6585419139933687,1.2527788010084262,36,0.4274129796196609,0.3072528562527213,0.5945651974577493,0.4808861723266605
Stress,139,0.9077435570342104,0.7670869963670413,1.0741915444266612,57,0.1822864983386657,0.14043252022345712,0.23661447806889163,0.7254570586955447
Accident,20,0.9071056170412949,0.5823999418369036,1.4128445787144295,25,0.567116212682138,0.3811554151937004,0.8438048781846288,0.3399894043591569
Influenza like illness,98,0.9027906818835435,0.7388593494730481,1.1030935940338722,160,0.7431232622935766,0.6345998948658054,0.8702052859284269,0.15966741958996689
Oesophagitis,17,0.902638589713678,0.5582218674896829,1.4595566227175003,22,0.5848079809869895,0.3828083851212618,0.8933983369192499,0.31783060872668856
Intervertebral disc protrusion,25,0.9004748756455107,0.6058321114011271,1.3384153570095647,14,0.24842712500666275,0.14666583571431155,0.4207935415804121,0.6520477506388479
Salivary hypersecretion,15,0.8974227116775713,0.5380605959405319,1.4967970699042548,18,0.5380337292875809,0.336962956269747,0.8590864024215347,0.3593889823899904
Anal incontinence,24,0.8880600449847937,0.5926545936280336,1.3307087331771745,27,0.49826315826663836,0.34014736404889323,0.7298782854896945,0.3897968867181554
Cholangitis,16,0.8865222202074552,0.540259888329637,1.4547103420012357,36,1.0194370045584715,0.7295154741981564,1.4245781522392489,-0.13291478435101634
Injection site mass,64,0.8828679101655394,0.68910276675106,1.131116844117457,650,5.568791402539475,5.105898584556309,6.073649362875544,-4.685923492373935
Pollakiuria,69,0.8822620917055068,0.6949468380516478,1.120066105549684,72,0.4580451936248091,0.36261285850001634,0.5785933799222385,0.42421689808069774
Carpal tunnel syndrome,20,0.8813899815481828,0.5659644923252362,1.3726096073304255,20,0.4384178862513093,0.28153684895423053,0.6827178882587893,0.44297209529687354
Hypotonia,12,0.8795699916327872,0.4965277959540553,1.5581068703200818,12,0.4375633982627745,0.24702119045303075,0.7750821990134991,0.44200659337001263
Blood pressure decreased,99,0.8791354887658225,0.7202672558734404,1.0730450416911994,197,0.8888787979435872,0.7706041423958543,1.0253066055123337,-0.00974330917776467
Jaundice,27,0.876966296926078,0.5989653039755457,1.2839973882287465,66,1.1000023317930963,0.8587042396716598,1.4091058062237065,-0.22303603486701828
Mental disorder,58,0.8676441538897565,0.6688524350336922,1.1255193796837266,56,0.4161590948840617,0.31940024762540953,0.5422299874289254,0.45148505900569474
Gout,27,0.8675645107629807,0.5925686448986712,1.2701788844465702,41,0.6624693878209459,0.4853964969006537,0.904138560129909,0.2050951229420348
Hernia,35,0.8661320769273781,0.6196613043021053,1.2106367938004952,53,0.6594250897269669,0.5016086684156724,0.866893808543744,0.20670698720041125
Frequent bowel movements,73,0.8648764635854603,0.6858076336730605,1.0907013286770812,58,0.3400262883826413,0.26229318186924394,0.4407963484499264,0.524850175202819
Sensation of foreign body,16,0.8582025832961655,0.5230869401023379,1.4080100601099297,34,0.9287767032206556,0.6586938904190074,1.3096009800496213,-0.07057411992449014
Mood swings,33,0.8444912540503429,0.5982259362548683,1.1921339997931544,34,0.4329812171812846,0.3082792389380424,0.6081263697081618,0.4115100368690583
Deep vein thrombosis,54,0.8444854756760793,0.6449234590085072,1.1057990040000183,81,0.6364337590077581,0.51013687511892,0.7939985312967678,0.20805171666832123
Back injury,24,0.842731668830824,0.562524382880748,1.2625171232816466,11,0.19001405055340784,0.10494170879545604,0.34405137692284643,0.6527176182774161
Therapy change,26,0.8328579035545728,0.5648388047122591,1.228053529124436,34,0.5450904642185657,0.3877546646580911,0.7662670272297174,0.2877674393360071
Back pain,322,0.8315736222615234,0.7443505423204332,0.9290175124819924,333,0.42623816546213444,0.3823086662071462,0.47521542082461404,0.405335456799389
Injection site swelling,140,0.82775389883077,0.7000203455915041,0.9787951469475925,600,1.8966468758328265,1.7440092860641243,2.0626434734901724,-1.0688929770020565
Paranoia,18,0.82526687435811,0.5175443179137801,1.315955736231783,12,0.27186986984041184,0.15382255275945983,0.480509683405296,0.5533970045176981
Nephrolithiasis,83,0.8192634714441418,0.6591323689866746,1.0182971846376965,136,0.6760763556076927,0.569847874665255,0.8021074727711863,0.14318711583644905
Myocardial infarction,104,0.8151745605352727,0.6711994691180149,0.9900329108082718,120,0.46880149650484754,0.39115273095333064,0.5618645243497135,0.34637306403042517
Syncope,117,0.8136661293653441,0.6774243510203801,0.977308490725429,279,0.9927538354032455,0.880196989877875,1.119704099243282,-0.17908770603790136
Road traffic accident,58,0.8095577598507627,0.624184309237166,1.049984366533579,46,0.31786975260111494,0.2375466823944241,0.4253529394737013,0.4916880072496478
Abnormal dreams,17,0.8094600103592542,0.5008583140834436,1.3082053146504071,23,0.5485501888532927,0.36256024677105675,0.829951193962516,0.26090982150596154
Accidental overdose,56,0.8082511845554988,0.6203222471736738,1.053113894128109,761,7.2840569584677155,6.705500443564871,7.912531841694248,-6.475805773912216
Arthritis,111,0.7987831696444331,0.6618230487291229,0.9640863269002831,67,0.2375590827460529,0.186696355255004,0.30227862626489815,0.5612240868983802
Peripheral coldness,17,0.7968047465767423,0.49306274442836656,1.2876612791000803,33,0.7835825452831267,0.5535006942604267,1.1093059351854948,0.01322220129361562
Influenza,218,0.7951561873597789,0.695147872711478,0.90955232277459,232,0.42030344630249544,0.3689944216298298,0.47874703957170534,0.37485274105728345
Nasopharyngitis,308,0.7928320820396164,0.7079590684350586,0.8878800178388183,267,0.33936209933683475,0.30063654853302596,0.3830759600862442,0.45346998270278166
Concussion,12,0.7862257700046039,0.44411013297073615,1.3918866414607665,12,0.3911266368541211,0.22094332505826308,0.6923949660686713,0.39509913315048284
Atrial fibrillation,120,0.7856993568894007,0.6556834630950814,0.9414961855258794,140,0.4568506547857767,0.38634445259274863,0.5402239358622287,0.32884870210362405
Ankle fracture,19,0.7853449363167136,0.4987782845800735,1.2365547740667282,13,0.2656927605251585,0.15373578082850362,0.45918160765857885,0.5196521757915551
Chills,138,0.7834915699721411,0.6618473952375183,0.9274933234376691,255,0.7317408326974789,0.6456919231919539,0.8292571534577191,0.05175073727466217
Fatigue,1151,0.7770435840010841,0.732320422265558,0.8244980108151316,2357,0.8085609215942688,0.7754069743382106,0.8431324266683949,-0.03151733759318476
Irritability,60,0.7762288293545166,0.6011639330760444,1.0022743587394587,66,0.42529502221466786,0.33327238602483844,0.5427268009750269,0.3509338071398488
Glomerular filtration rate decreased,27,0.7755057373665986,0.5299068074212095,1.1349338039555825,41,0.5914931820097692,0.4336135079786903,0.806857207919906,0.18401255535682937
Blood triglycerides increased,19,0.7754164492161736,0.4924985430661316,1.2208577632975484,19,0.38570975820989084,0.2449942251553995,0.6072470381045373,0.38970669100628275
Anger,28,0.7730231590588081,0.5318504792388279,1.123557894121822,28,0.38446864852700585,0.2645383741342887,0.558770129981769,0.3885545105318023
Angina pectoris,26,0.7721368962293055,0.5238022041733306,1.1382070975809393,12,0.17547430539513198,0.09941136288024442,0.3097355368822033,0.5966625908341735
Ocular discomfort,31,0.7661554643067469,0.5370044428337634,1.0930900168898574,25,0.30617834596599525,0.20627939143235832,0.4544573206636249,0.4599771183407516
Ear discomfort,15,0.7617148130622893,0.45706495056765534,1.2694245220901814,21,0.5344076913270702,0.34652329977612656,0.8241627063289461,0.22730712173521905
COVID-19,222,0.7548262420668013,0.6607294533817659,0.8623236830090022,91,0.15153752803749237,0.12328280590916156,0.18626784355179316,0.6032887140293088
Dysphonia,81,0.7534546067402295,0.6046764562157334,0.9388390081712309,113,0.5263569420013157,0.43665058517723987,0.6344927495757712,0.2270976647389138
Insomnia,289,0.7531102031787266,0.6700878085473597,0.846418888535586,450,0.5882944078044448,0.5355138437109034,0.6462770558006691,0.16481579537428181
Paraesthesia,164,0.7520009005692531,0.6441700972241812,0.877882032857174,220,0.5042310123560017,0.44101830897279465,0.576504214561401,0.2477698882132514
Hypersomnia,37,0.7454421927316751,0.5384733427612902,1.0319620649279704,40,0.40135447007590225,0.2935023557350924,0.5488385612662673,0.34408772265577287
Rectal haemorrhage,50,0.7435547998264799,0.56206375396723,0.9836495174126293,63,0.4680588682303656,0.3645957845758041,0.6008821642959544,0.2754959315961143
Cerebrovascular accident,148,0.7422291053444872,0.6306728743243716,0.8735179000851294,115,0.2850694438813799,0.23711802979809166,0.34271787726996894,0.45715966146310727
Libido decreased,11,0.7403292414125396,0.4078315474385619,1.3439062993846338,28,0.9639907206093977,0.6599432198655452,1.4081182766153035,-0.22366147919685808
Abortion spontaneous,37,0.7293210138863249,0.5268603869822701,1.0095827176205536,106,1.074938697978102,0.8841841302604618,1.3068468035843093,-0.34561768409177707
Menstruation irregular,20,0.7290390615746195,0.46850424220696657,1.1344570772676317,26,0.4739361201853521,0.32126778829798325,0.6991533362442441,0.2551029413892674
Haematochezia,94,0.7270468410664215,0.592776536351796,0.8917308238242329,84,0.3221775335525255,0.25968502688370576,0.39970869468909553,0.404869307513896
Chest pain,192,0.7252938157251476,0.628615270345042,0.8368411394785225,227,0.4270285157094163,0.3743584154334563,0.4871089995875924,0.2982653000157313
Anhedonia,10,0.7228379848442779,0.3868276558735851,1.3507171589212517,17,0.6188453124891146,0.38200658367214824,1.0025207343505578,0.1039926723551633
Cardiovascular disorder,14,0.7205025761005626,0.4247658232025066,1.2221415514403458,13,0.33240643774381395,0.19217222070102458,0.5749740490611034,0.3880961383567486
Product quality issue,96,0.7199135940836368,0.5882233982527642,0.8810863091911761,12,0.04399521490042138,0.02496885853895895,0.07751972045955452,0.6759183791832154
Renal injury,11,0.7162154540878944,0.3946141111344882,1.299914428299564,13,0.4224080293110791,0.2439212576666481,0.7315005872522868,0.2938074247768153
Hypertension,265,0.7076731193169339,0.6264760766757292,0.7993940430433698,102,0.13328434509351184,0.10968847570510126,0.16195609003417089,0.574388774223422
Blood pressure increased,184,0.7068522731423548,0.6107790754426484,0.8180374150578278,187,0.3565816361521785,0.30852753753182893,0.41212030620718026,0.35027063699017624
Nightmare,30,0.7032914977100491,0.4901877893634803,1.009039681289323,29,0.3379230431700663,0.23412233485225817,0.4877449354730671,0.3653684545399828
Gastrointestinal hypomotility,14,0.690042212962129,0.40688478298148467,1.170253289347859,267,9.347069634714396,8.090060716068699,10.79938875893327,-8.657027421752266
Injection site pain,506,0.6871564697776924,0.6289680578485796,0.7507281300937165,3795,2.9984468595289813,2.8958165247673486,3.104714505398965,-2.3112903897512886
Heart rate increased,143,0.6864231220401357,0.5816795929558977,0.8100279057014316,289,0.7020302816000934,0.6242260819296086,0.7895320790826595,-0.015607159559957728
Facial pain,12,0.6856314029510385,0.38754815621078026,1.2129858268682767,17,0.48654703352858086,0.30078649768480475,0.7870300617135085,0.19908436942245766
Upper limb fracture,18,0.6834073407332617,0.42891213487590624,1.0889073900957247,20,0.378414051825509,0.2431558594909254,0.5889111408575501,0.3049932889077527
Foot fracture,21,0.683027496270728,0.443738537333515,1.0513546185672327,18,0.29051979775063486,0.18244184619607656,0.46262277347467906,0.39250769852009315
Viral infection,53,0.6817441392197712,0.5195934372311378,0.8944975784090871,63,0.40419507272786076,0.31496633546757163,0.5187019640526037,0.2775490664919104
Loss of consciousness,130,0.6803353754824765,0.5719058809694606,0.8093223702268564,184,0.4818353058350695,0.41623554621062253,0.55777375109548,0.19850006964740696
Tendonitis,12,0.6737094997103774,0.38083970772141806,1.1917992814237235,12,0.3351521897259764,0.18946619080249097,0.5928603398968006,0.33855730998440103
Expired product administered,32,0.6680486934030984,0.47105503500892754,0.947424448502347,17,0.17515532157925265,0.10866316444497749,0.2823347436477996,0.49289337182384574
Dementia,42,0.6620349401379063,0.4880057038144551,0.8981252852938861,14,0.10854553162080689,0.06419479346917309,0.18353719668093457,0.5534894085170994
Blood magnesium decreased,11,0.660861671289935,0.3642563751824467,1.1989856000773496,10,0.29844631356476786,0.15986442434704384,0.5571608720589424,0.36241535772516714
Hepatitis,28,0.6608013040756686,0.4548631789665568,0.959977381462677,55,0.6557821734068865,0.5013572524523453,0.857772091367396,0.0050191306687821235
Arrhythmia,40,0.6561427194644935,0.48004783105014415,0.896834107893907,50,0.40950888245159334,0.3095020232718383,0.5418301406691055,0.2466338370129002
Swollen tongue,28,0.6534462514655038,0.4498147798616665,0.9492618354728878,29,0.3367939977366642,0.23334237566708274,0.48611057716014155,0.31665225372883965
Pharyngeal swelling,20,0.6525075789509387,0.41948858248481713,1.0149647889494717,33,0.5411043230810673,0.3829659402237584,0.7645428945611902,0.11140325586987143
Upper-airway cough syndrome,13,0.6422439824385705,0.3713407740684691,1.1107784595248915,15,0.36952747802173225,0.22177042940638814,0.6157293259457811,0.27271650441683826
Seasonal allergy,27,0.6411524679544842,0.43836445365457827,0.9377505035753774,20,0.23525489886057852,0.15139205317816115,0.36557313462662466,0.40589756909390573
Arthropathy,61,0.6395848557956663,0.49657938254338696,0.8237732015130979,18,0.09276277138338453,0.05838039485382052,0.14739420273316192,0.5468220844122818
Kidney infection,23,0.6319827307242428,0.41862497458547465,0.9540810897132013,28,0.38396323999502285,0.2641917934491418,0.5580331158009875,0.24801949072921997
Dysstasia,25,0.631151587278382,0.42516226252606254,0.936941871927314,32,0.40355847598187433,0.28441238837575294,0.572617263498559,0.22759311129650772
Balance disorder,79,0.6302404653410315,0.5045592021889109,0.7872278266457303,65,0.25697097340995795,0.20118872299897778,0.32821959497002645,0.37326949193107356
Sneezing,28,0.627598326854779,0.43207057874863325,0.9116095361356839,28,0.3121388320929556,0.21490744950898347,0.4533609734002337,0.3154594947618234
Scar,16,0.6273047302137311,0.3828618202339542,1.0278152684643778,11,0.21352033397685427,0.11788486266896234,0.3867411980587643,0.41378439623687685
Gastric ulcer,16,0.6261346397420295,0.38215026820631753,1.0258911734512295,20,0.39081301289745574,0.2510906689427905,0.608285491822823,0.2353216268445738
Nerve compression,11,0.6242292692355798,0.34415315031351734,1.1322348210830284,11,0.3105414321012813,0.17121682428726193,0.56323893082912,0.31368783713429843
Fall,350,0.6189517364816103,0.5566634140353621,0.688209863329125,225,0.19554087742145812,0.17144547760993611,0.22302270830232582,0.4234108590601522
Dysuria,35,0.6188547277761428,0.443178000859844,0.8641700927118052,26,0.22772614720042825,0.1547158991355767,0.3351898441498063,0.39112858057571454
Muscle twitching,19,0.6165087172610323,0.3918999970593022,0.9698469030642259,24,0.3888969439644241,0.25968061012175114,0.5824109584229612,0.2276117732966082
Lymphadenopathy,36,0.6127682937572086,0.4408817606950366,0.8516682142671999,90,0.7795022414625657,0.6314997212157935,0.962191627377662,-0.1667339477053571
Skin irritation,35,0.6098492086201727,0.4367442904139551,0.8515647838284074,44,0.3827468699250878,0.2840357288519494,0.5157631648299116,0.2271023386950849
Injection site discomfort,19,0.6085074134742319,0.38683019244048916,0.9572191609890035,143,2.5207548250523257,2.118899564739089,2.9988230654089567,-1.9122474115780939
Oropharyngeal pain,106,0.607800125210036,0.5016038897827875,0.7364795204544925,92,0.26150628248377505,0.21287284459638947,0.3212506316066011,0.34629384272626096
Incorrect route of product administration,32,0.6064391542254709,0.4277205833599592,0.8598334101405627,152,1.5173684554731324,1.2868013011450898,1.7892482915707881,-0.9109293012476615
Fracture,18,0.605590398857202,0.3802349071922719,0.9645083190707086,12,0.19984619300352402,0.11318158400375375,0.3528710188105971,0.405744205853678
Hypoaesthesia oral,13,0.6051978099074331,0.3500041848629822,1.046457170962504,23,0.5387048311029659,0.35608685339923196,0.8149778411737928,0.06649297880446725
Post procedural complication,16,0.604703342704537,0.3691158284299992,0.9906541646652449,15,0.28174707527685544,0.16926774033954115,0.46896954060961404,0.3229562674276815
Neoplasm malignant,70,0.6016973955445353,0.4751267481301709,0.7619856327387582,82,0.3512652722459743,0.2823503693426641,0.43700063780081,0.25043212329856096
Melaena,15,0.6015717157393159,0.3613169198827932,1.0015820164052558,13,0.2588493695801641,0.14978928637698796,0.44731500998953966,0.3427223461591518
Injection site irritation,15,0.5992805931463551,0.35994575227392717,0.9977537644298557,223,5.5427091970289055,4.781213152084999,6.425487478932347,-4.94342860388255
Feeling hot,55,0.5990902533324713,0.45899459013774535,0.7819463221347669,75,0.4083876109840481,0.32491562440313976,0.5133038496121227,0.19070264234842327
Acute myocardial infarction,19,0.5975583722579783,0.3798919388001043,0.9399409984413875,21,0.3290286194149086,0.21379446661676585,0.5063734066987821,0.2685297528430697
Blood sodium decreased,19,0.5926705526882781,0.3767943361754024,0.9322284076486592,35,0.5497290302983825,0.39296024586766853,0.7690396418740232,0.04294152238989557
Sciatica,25,0.5912825512317472,0.39837880776955686,0.8775945119885982,26,0.3060301991197808,0.20776660198854263,0.4507677455227251,0.2852523521119664
Pulmonary embolism,67,0.5911743537250571,0.464401020292381,0.7525545837134602,103,0.45543485723164673,0.3746094729643734,0.5536990496802969,0.13573949649341038
Throat tightness,25,0.590949226912724,0.3981548436256861,0.8770984313757495,45,0.535248895025035,0.39811267516571847,0.7196238590149535,0.05570033188768897
Hypoaesthesia,135,0.5902031240607323,0.4978342160068247,0.6997102980287574,174,0.37950172773360186,0.32659843202815747,0.44097444209521547,0.21070139632713042
Pallor,21,0.5858222067089223,0.3807745737809442,0.901288272653267,17,0.23524864333943024,0.14584477347646574,0.379457712977097,0.350573563369492
Cardiac failure congestive,29,0.5852592433102156,0.40561849016079227,0.8444594864111437,16,0.15956531721802142,0.0975656581177714,0.26096365206857675,0.4256939260921942
Contusion,105,0.5842975821743652,0.4817948725010088,0.70860792428648,123,0.34093532981076285,0.28524927249830717,0.40749235956022806,0.24336225236360237
Injury,42,0.5842166677174282,0.4307631048016025,0.7923359986832051,32,0.22057024715328394,0.15568344605451648,0.31250100869571135,0.36364642056414426
Fluid retention,44,0.5817340565045913,0.4319482359419007,0.7834608046479105,39,0.255965647012015,0.18664001605433775,0.35104161387986954,0.3257684094925763
Neck pain,57,0.5811239850998118,0.44735513724901826,0.7548926075488526,133,0.6875640888836703,0.5783963392546868,0.8173363907033078,-0.10644010378385849
Fungal infection,34,0.5803432010157421,0.41364310308519003,0.8142242151583373,20,0.1687739851706397,0.10868536584773962,0.26208365632484765,0.4115692158451024
Amnesia,50,0.5798615612165786,0.43856016375235585,0.7666894031132159,31,0.17776249996749954,0.12481636871098994,0.25316796763943167,0.40209906124907907
Skin burning sensation,66,0.5770978701576126,0.45253776484197755,0.735942892758902,76,0.3310617174646173,0.263900667564468,0.415314829561193,0.24603615269299528
Head discomfort,24,0.577054253341409,0.38566753399579823,0.8634162379430127,32,0.38449675097184,0.2710208173809474,0.545484855874005,0.19255750236956903
Mass,12,0.571952261319491,0.32353752669179064,1.011101842105971,31,0.7514513174309951,0.5251194552062035,1.0753345298300565,-0.17949905611150418
Somnolence,184,0.5697354230160447,0.49241307654373845,0.6591994967266858,201,0.3092847709409316,0.26901902583940407,0.355577339697486,0.26045065207511314
Condition aggravated,447,0.5644888392830418,0.5138813636891865,0.6200801822964048,16,0.009793325764877342,0.005998593069131691,0.01598862073684445,0.5546955135181645
Loss of personal independence in daily activities,83,0.5641797444552739,0.4541998234250891,0.7007901977005391,13,0.04337442249910414,0.025169797435215125,0.07474595423237707,0.5208053219561697
Head injury,33,0.561885206917557,0.3984844478367222,0.7922893539929294,40,0.3397083866653683,0.24853431149164307,0.46432940095141656,0.22217682025218866
Product storage error,150,0.5615298285774114,0.4778125519425226,0.659915163593499,401,0.7652309901299101,0.6924467924978709,0.8456656520031511,-0.20370116155249873
Diabetes mellitus,59,0.5516619790317344,0.4266132085735115,0.7133650177565218,14,0.06438493632005321,0.03809885469870698,0.10880694597567515,0.4872770427116812
Pain in extremity,238,0.5513416807935718,0.4849461163185064,0.6268276799244066,233,0.267509539437525,0.2350273033696442,0.3044810226900621,0.28383214135604684
Deafness,28,0.5507434883723255,0.3792872730442208,0.7997062162145212,28,0.27391361102682166,0.1886528157346207,0.3977076409572192,0.2768298773455038
Mental impairment,19,0.5493650588673248,0.34934293541107436,0.8639131847597453,20,0.28784975494825926,0.18513662564964078,0.44754775632875254,0.2615153039190655
Blepharospasm,14,0.5437798710590492,0.32093118172418234,0.921370577269511,15,0.29010148397805136,0.17426939014403042,0.4829240002315486,0.2536783870809979
Limb discomfort,30,0.5436757787578144,0.37919261059664144,0.7795071532191243,25,0.2248229718138059,0.15158323099316812,0.33344960602844953,0.31885280694400847
Heavy menstrual bleeding,29,0.5402567445343646,0.37450159829138085,0.7793754455161886,49,0.4582033140298301,0.34521105695041804,0.6081794680698013,0.08205343050453445
Inflammation,66,0.5384635377956543,0.4222886356670172,0.6865990629310652,68,0.27587951269816924,0.21715066408241493,0.35049170053513434,0.262584025097485
Blood pressure abnormal,25,0.5367776313824613,0.3617472058235698,0.7964960638648068,38,0.40860479263283284,0.29637014705729775,0.5633424223737423,0.12817283874962843
Acute kidney injury,162,0.5365877857823779,0.45938867322116367,0.626760015287139,144,0.23634184884284856,0.20050588059065214,0.2785826996690093,0.3002459369395293
Liver disorder,45,0.5363647688671902,0.399648546807699,0.7198503975053419,34,0.2008413338501862,0.14326247053849253,0.2815618160925399,0.335523435017004
Urinary retention,31,0.535195945777083,0.3754830747630944,0.7628431735756617,24,0.20545294957351587,0.1374276795310678,0.3071500197957951,0.32974299620356706
Extra dose administered,79,0.5342338167110466,0.42780470954853417,0.6671403202149019,3891,36.01089458820012,34.201571570662765,37.91593396119869,-35.47666077148907
Pain,493,0.5311458435751589,0.48569079380662816,0.5808549611082153,735,0.3949836483017397,0.36703626656682886,0.42505903813008133,0.13616219527341922
Muscular weakness,100,0.5262612583247679,0.43194162515496554,0.6411767143632147,123,0.32263065295791216,0.2699550298017986,0.3855847335182907,0.20363060536685573
Dizziness postural,14,0.5243624738814787,0.30950852518312366,0.8883632651230661,40,0.7632713287190456,0.5566906386864375,1.0465114387753949,-0.23890885483756685
Electrolyte imbalance,13,0.5233336647297501,0.30281890221510593,0.9044287613357849,44,0.9085622847999085,0.671780675048749,1.2288019825829721,-0.38522862007015846
Herpes zoster,47,0.5218860669870178,0.3913448801049369,0.6959719693845102,67,0.37198650025864505,0.2921190073975694,0.47369035519948255,0.14989956672837274
Urinary tract infection,175,0.5217349923414593,0.4493063587804014,0.6058391939353434,131,0.19307960467702132,0.16253507531818018,0.22936423826829802,0.3286553876644379
Dysphagia,88,0.5211649871852198,0.42223920901914413,0.6432679345405261,123,0.3639568554362101,0.30448130520196526,0.43505000259753,0.15720813174900966
Fibromyalgia,30,0.5209218358399991,0.3633575774994753,0.7468113391836636,14,0.12007711000529162,0.0710044400925718,0.20306493971961218,0.4008447258347074
Rhinorrhoea,73,0.5198431757721279,0.41259618442583856,0.6549671024537183,54,0.19045365954314122,0.14567276642963883,0.2490005326485971,0.3293895162289867
Incorrect dose administered,341,0.5169768858502983,0.4643697404629383,0.5755437471809235,9454,12.293709275784211,11.976856434673987,12.61894459383797,-11.776732389933914
Myalgia,145,0.5169697180966156,0.43872596807196157,0.6091677012039952,326,0.5876810225235954,0.5262873063601082,0.6562365842015244,-0.07071130442697982
Product prescribing error,35,0.5099528071685393,0.3653461050585291,0.7117959160873293,97,0.718961588895115,0.5871391517726415,0.8803803404116205,-0.20900878172657567
Muscle tightness,12,0.5074040751180743,0.2871483666291254,0.8966058155537296,16,0.3379398140690683,0.20620316621453272,0.5538388184312356,0.16946426104900597
Tooth disorder,14,0.5032464700629679,0.2970835163101414,0.8524774877326045,13,0.2322589483434593,0.1344483177187069,0.4012264340746303,0.2709875217195086
Confusional state,119,0.5031566211857987,0.4198284759027224,0.6030238537268018,81,0.16935410757176902,0.13607373010017645,0.2107740688104582,0.3338025136140297
Psychotic disorder,21,0.5022878264174379,0.32661650676820353,0.7724443049848795,14,0.16588068363397965,0.09803309513871476,0.28068481530590583,0.3364071427834582
Paraesthesia oral,13,0.49937674385017794,0.28900110798261985,0.8628933433480241,39,0.763722128571728,0.5547838272738342,1.0513491219386895,-0.2643453847215501
Anal fissure,10,0.49632925283945195,0.2660521247074612,0.9259190374631885,13,0.3221485560144842,0.18626654019924632,0.5571569216414596,0.17418069682496773
Prostate cancer,18,0.4938787094730172,0.3102831492981417,0.7861083665757215,12,0.16312421902891824,0.09243006044533773,0.2878880605031207,0.330754490444099
Sleep disorder,79,0.49139396129759855,0.3935431731894573,0.6135744224522467,98,0.30388288308110595,0.24890450930401012,0.37100495643048337,0.1875110782164926
Blood iron decreased,16,0.4913756539386111,0.30013661435118866,0.8044671051066034,23,0.3532139475466251,0.2338955446790215,0.5334008944577385,0.138161706391986
Liver function test abnormal,12,0.48727122562769903,0.27579201176273066,0.8609141570387052,56,1.182269184464066,0.9031261563140782,1.5476912220525165,-0.6949979588363671
Discomfort,77,0.487133697135154,0.3890218732774602,0.6099894509410173,160,0.5100748622095063,0.43595483080996933,0.5967966098108372,-0.022941165074352288
Choking,17,0.485816069051285,0.301148110978336,0.7837248328793984,14,0.1986003705925196,0.11732206173746727,0.3361866184021391,0.2872156984587654
Drug ineffective,1014,0.4843187401514027,0.45482689422912614,0.5157228937822581,4583,1.1830730543885262,1.1472265058968527,1.2200396737922306,-0.6987543142371235
Throat irritation,45,0.48373178009027235,0.36049686420515487,0.649094231610677,64,0.3438475454196289,0.26855913742791543,0.44024245692566855,0.13988423467064343
Osteoarthritis,40,0.4831681549961675,0.3537197525542859,0.6599899053321101,30,0.17965079338011813,0.12540540438752906,0.25736057963156983,0.30351736161604936
Hyperglycaemia,27,0.48258865292807257,0.3301854563157067,0.7053363601583112,22,0.19514096593775257,0.12823074789416652,0.29696462987604116,0.28744768699032
Toothache,16,0.48219587216789217,0.29454519241867205,0.7893962119240978,12,0.1793719545402156,0.1016141583680217,0.31663203821508523,0.3028239176276766
Cellulitis,35,0.48115829968698015,0.344755683882118,0.6715286220975748,25,0.17032969303797243,0.11490042492905461,0.25249866872401494,0.3108286066490077
Colon cancer,11,0.48010516584349144,0.26496058181849724,0.8699443845103862,16,0.34924742759288946,0.21307480526619074,0.5724457451826405,0.13085773825060198
Therapeutic product effect decreased,57,0.47702446212632443,0.36733540606563475,0.6194674777041518,89,0.372835928993961,0.30229175287007953,0.4598426143915773,0.10418853313236343
Restless legs syndrome,12,0.4766610276557425,0.2698058775900558,0.8421081753861783,22,0.4389465731214235,0.28774330517471747,0.6696040901387772,0.037714454534318986
Tinnitus,37,0.4763060189573758,0.3444139512661043,0.6587056733939899,78,0.5059954453834369,0.4041555429708096,0.6334971651428637,-0.029689426426061094
Mania,10,0.4728409557190127,0.25350512818191145,0.8819489018180047,17,0.4031131368011929,0.24944115340457784,0.6514570624925397,0.06972781891781982
Amenorrhoea,10,0.4691405647760161,0.2515280567790283,0.8750231379226003,15,0.3520789934720356,0.21134304138070178,0.5865327613081313,0.11706157130398054
Maternal exposure during pregnancy,109,0.4659557574409297,0.3856853446797629,0.562932377097767,487,1.0817807698684911,0.9872882310530374,1.1853171113050565,-0.6158250124275615
Hypokalaemia,39,0.4587616936690636,0.33455231445670963,0.6290863416081408,53,0.3113052569995407,0.23732727253644179,0.40834313730491867,0.1474564366695229
Autoimmune disorder,17,0.4562778149762113,0.2828848961089652,0.7359510787004783,18,0.2404756657906317,0.15109791781809673,0.38272232121071353,0.21580214918557958
Eye swelling,31,0.45526452694179537,0.3195109863457565,0.6486969098059293,36,0.2634142092900977,0.18960033546071628,0.36596478317045933,0.1918503176516977
Localised infection,19,0.4549444559139836,0.28944585397626976,0.7150714205215023,15,0.1782382338345342,0.1072153070607887,0.29630907070425905,0.2767062220794494
Injection site erythema,99,0.45202813523389307,0.37070896218407884,0.5511855819163313,1777,5.061144319000195,4.803324067039731,5.332803171353474,-4.609116183766302
Blood bilirubin increased,16,0.4495672826884912,0.274666248420758,0.73584119936827,29,0.40897158777494014,0.2831731170618736,0.5906555019861212,0.040595694913551084
Speech disorder,32,0.4410375391159221,0.3112737726602459,0.6248972062343968,42,0.2888704028816824,0.2130150981849402,0.391738005296589,0.15216713623423966
Poor quality sleep,19,0.4396279591853588,0.27972394888633617,0.6909409911698997,57,0.6704527789793223,0.5149669839648142,0.8728849476528948,-0.23082481979396352
Photophobia,18,0.43901102992185453,0.27589481812584943,0.698565800192497,20,0.2429281219271414,0.15631745152180176,0.3775270889368185,0.19608290799471315
Gait disturbance,122,0.43879340718218157,0.3669920436824006,0.5246425842222725,143,0.25597270110523734,0.21701926754294407,0.3019180022720591,0.18282070607694423
Heart rate decreased,24,0.43243630561240065,0.28921154858211423,0.6465895270382239,26,0.23321538698348201,0.15843730840220774,0.3432866745487921,0.19922091862891864
Bronchitis,49,0.4314046127758693,0.32551658692383784,0.5717371937419657,24,0.10446815733713555,0.06994614838367225,0.15602854695519025,0.32693645543873373
Renal failure,57,0.43107920837022345,0.3320017733391695,0.5597237690030568,99,0.37528551002316335,0.30759683435948115,0.45786951717698887,0.055793698347060106
Eye pain,67,0.4264014221196315,0.335118501465703,0.5425488953621738,50,0.15771879279745027,0.11939967416767948,0.20833572432158753,0.26868262932218123
Disturbance in attention,26,0.4208881943578446,0.28597767064060287,0.6194430206840618,31,0.2500916785960839,0.1754961502998667,0.35639441432838337,0.1707965157617607
Liver function test increased,25,0.41893577441997243,0.2824850362201944,0.6212972744937039,31,0.25901784765240415,0.1817463141230243,0.36914226143299156,0.15991792676756827
Therapy cessation,37,0.41782681944861283,0.30219531803012517,0.5777033614833844,55,0.3104444118963924,0.23785264612483784,0.40519092155533043,0.10738240755222045
Orthostatic hypotension,11,0.41717835165543726,0.2303338699073658,0.7555891678455324,36,0.6951641382677898,0.49870005726609506,0.9690257141393224,-0.2779857866123525
Swelling face,44,0.4169217334428321,0.3097501832449163,0.561173943453442,65,0.307801383820688,0.24091440771475306,0.39325872113927834,0.10912034962214412
Gait inability,42,0.4127274340110661,0.30450468440986805,0.5594131831353809,49,0.23984714951805286,0.18096325612419842,0.31789135741707475,0.17288028449301324
Angioedema,30,0.4124989666631459,0.2878616121133584,0.5911013846165665,72,0.4995434335883224,0.39537554185217183,0.6311559912689625,-0.08704446692517653
Ear pain,15,0.41234029371952796,0.24794108309088161,0.6857456445101715,11,0.15001724748946937,0.08289878334551119,0.271477742327268,0.2623230462300586
Hepatic cirrhosis,17,0.41149794373133697,0.25518637749923323,0.6635564145489208,14,0.16827102067976663,0.09944278352382915,0.28473797089383945,0.24322692305157034
Hypersensitivity,128,0.40969146171992893,0.34412272676017264,0.48775358543287567,501,0.8243248765076664,0.7536754537062557,0.9015969654946708,-0.41463341478773746
Sepsis,75,0.4089270066519626,0.32566528638422654,0.5134759636986399,81,0.21968113789474103,0.176464834722568,0.27348112966869936,0.18924586875722155
Intentional product misuse,62,0.4085482759058179,0.3180658304930731,0.5247709050886287,423,1.4769445083963535,1.3378723069215612,1.6304733042135078,-1.0683962324905356
Cystitis,19,0.40809134973237376,0.2597015984586428,0.6412688667101587,13,0.13845094947038566,0.0802428304789658,0.23888321604353177,0.2696404002619881
Hypotension,130,0.4043951276701814,0.34013376175253945,0.4807973734826144,214,0.3330607781450696,0.29092307805478007,0.38130176086515755,0.07133434952511175
Neuropathy peripheral,89,0.4027623745100846,0.3267923983050041,0.49639321833184036,88,0.19785093301540851,0.16036434878559852,0.2441003377091197,0.2049114414946761
Lower limb fracture,20,0.39929589904918183,0.25703906502609575,0.6202839828308105,15,0.148594969345657,0.08941600239481476,0.24694086431353576,0.25070092970352487
Lacrimation increased,29,0.398345325111964,0.27629843772130475,0.5743029144399717,19,0.129354806153166,0.08238871583921833,0.20309414589707855,0.268990518958798
Product dose omission issue,603,0.3950536595872476,0.3643530679906744,0.42834110005976794,1317,0.43488802695301904,0.4115673682403928,0.45953010510935866,-0.03983436736577145
Crying,15,0.3940010986075586,0.23693972173160532,0.6551745083916679,16,0.20919445608306952,0.12783717413927448,0.34232859690885903,0.18480664252448908
Cough,226,0.3898259652755367,0.3418221218039162,0.44457123605995635,244,0.20888932499360435,0.18409759837680387,0.23701965957738208,0.18093664028193235
Skin discolouration,29,0.38618047677396106,0.26787474774055314,0.5567354216822525,34,0.22555110572481257,0.16085645648123617,0.3162652118948047,0.16062937104914848
Alanine aminotransferase increased,36,0.38609401973824464,0.278034639270026,0.5361511517737949,114,0.6210953955106656,0.5154544017070274,0.7483872269730023,-0.23500137577242097
Swelling,69,0.3832207140952839,0.30227721774553856,0.48583918036233426,114,0.3167957245249312,0.26325937822695583,0.38121920576275226,0.0664249895703527
Tachycardia,57,0.38108554936006245,0.29354346963466377,0.4947348892203433,126,0.4238755742804343,0.3552777615375083,0.5057184038033278,-0.04279002492037187
Peripheral swelling,127,0.3810259246526647,0.31984529325912814,0.4539093065215046,118,0.1756641222629494,0.14652844598766823,0.21059312847014983,0.20536180238971533
Arthralgia,340,0.37882057680778075,0.34027726496502286,0.42172970159417095,387,0.2138275666745613,0.19339416652489555,0.23641989358597404,0.16499301013321946
Sinus disorder,14,0.3754862499368227,0.22183795743216397,0.6355536515194048,11,0.14647359297159016,0.08094461776423878,0.26505176045794654,0.22901265696523257
Urticaria,132,0.37520260616871376,0.3160127004495631,0.44547891738377615,351,0.5045528096119741,0.45373868151053676,0.5610576044339858,-0.12935020344326037
Defaecation urgency,10,0.3738351390181153,0.2005706199435505,0.6967755855968647,19,0.3562587753146626,0.22635866890423204,0.5607044590035152,0.017576363703452724
Disorientation,17,0.3719758550747555,0.23072846697975954,0.5996920907498317,27,0.2954583981264132,0.20206525310380308,0.4320172007929607,0.07651745694834228
Hepatic enzyme increased,54,0.3709852778278275,0.28373926820608864,0.4850582622389276,93,0.31986557817210787,0.2605940870965155,0.39261822568323707,0.05111969965571961
Oral pain,11,0.3653227839225773,0.20177642613240726,0.6614287853694273,20,0.3328493871181085,0.21397888036268942,0.5177553706100156,0.03247339680446876
Hot flush,59,0.36498834581801604,0.2824129186089894,0.4717082109385177,64,0.19697324917923945,0.1539757165409056,0.25197779080910754,0.1680150966387766
Renal impairment,59,0.36477184429845383,0.2822455830202877,0.4714280980734826,103,0.3188377931882368,0.26241779006770505,0.3873881353048386,0.04593405111021703
Nervous system disorder,12,0.36056998788041544,0.2042532965278317,0.6365171009240853,18,0.2702427621858703,0.16974595998681455,0.4302379303726683,0.09032722569454515
Dysmenorrhoea,10,0.36034770977995745,0.19335347214556037,0.6715704171368923,19,0.3433052583314958,0.2181584366851432,0.540242688703138,0.01704245144846167
Overdose,88,0.3576806730564706,0.289903741571472,0.44130325184709274,428,0.8985004197984904,0.815394491650437,0.9900765980697322,-0.5408197467420197
Rhabdomyolysis,24,0.35525903581990387,0.2376825759032815,0.53099804246082,26,0.19156238119804742,0.13018948597673272,0.28186720006578964,0.16369665462185645
Skin disorder,23,0.35448168210169245,0.2351235209708448,0.5344308490566827,24,0.1840489821775263,0.12313564046551591,0.2750952341054319,0.17043269992416615
Musculoskeletal pain,17,0.3542223983853606,0.21973835155632743,0.5710132374671675,24,0.24964725214281686,0.166919082878727,0.37337702452954247,0.10457514624254377
Rib fracture,13,0.3531740907526766,0.20458256981981007,0.609689957892502,10,0.13487811585704723,0.07242272592563835,0.25119333613355305,0.21829597489562935
Medication error,35,0.3524871020117304,0.2526886076024186,0.49170066772507226,82,0.4156561774162885,0.33399820763621707,0.5172783981299031,-0.06316907540455813
Osteoporosis,22,0.3497432124139139,0.22985671885566805,0.5321589694596294,11,0.08660401069360221,0.04789974108990491,0.1565823634440955,0.2631392017203117
Hip fracture,20,0.34489694398443627,0.222083473978076,0.5356269867317839,14,0.11978122551743775,0.07082973840980393,0.20256381441715676,0.22511571846699852
Drug interaction,82,0.34421753653090376,0.27690788139772415,0.42788855216880756,201,0.4251050560760815,0.369620909957805,0.48891798010582865,-0.08088751954517776
Nasal congestion,47,0.3432883437893751,0.25757583588809585,0.45752306917816216,31,0.11223672632153088,0.07885061275367622,0.15975884391319345,0.23105161746784425
Chest discomfort,68,0.3427719169636573,0.2699340142246771,0.4352641048087643,128,0.32331758467343563,0.2714801426900879,0.38505306326730804,0.019454332290221643
Drug hypersensitivity,83,0.3352107005320647,0.27002238433147063,0.41613666226004614,249,0.5091192299753501,0.448870325939069,0.5774549471240349,-0.1739085294432854
Cholestasis,11,0.3350746215495662,0.18510885448335124,0.6065350159502124,17,0.25876345825390995,0.16038038930786572,0.4174982216746563,0.07631116329565624
Thrombosis,38,0.3342441441355473,0.2428586397000729,0.46001718541648823,50,0.219285411999405,0.16594077270087468,0.2897786429042904,0.11495873213614233
Dermatitis allergic,11,0.33313878816613357,0.184041916662976,0.6030226928359648,21,0.3187371022005601,0.20712893466760213,0.49048357479483,0.014401685965573452
Sinusitis,64,0.33243617847631984,0.2598883910091571,0.4252356649360518,54,0.13922794733653826,0.10652626665878312,0.1819684658774026,0.19320823113978158
Rash pruritic,38,0.3315912589809693,0.24093348421242874,0.456361486623586,118,0.5213179909093986,0.434210734781892,0.6258998819601398,-0.18972673192842926
Musculoskeletal stiffness,49,0.3278941159892738,0.2474975014883689,0.4344066128095438,54,0.179813046195453,0.13754334085148803,0.23507304230016682,0.14808106979382082
Acne,26,0.3277445159270628,0.22278445953829537,0.4821542218109717,25,0.15668706020588777,0.10571088898161418,0.232245089152864,0.171057455721175
Intermenstrual bleeding,13,0.32749690906570467,0.1897399724564612,0.5652695320813415,33,0.418706893194022,0.29663198489726356,0.5910200899910015,-0.09120998412831732
Rash,296,0.32432220728088396,0.2891318851523006,0.3637955532996244,504,0.2758563241674204,0.25256298846256303,0.3012979536169869,0.04846588311346356
Hypothyroidism,21,0.3231632713024529,0.21033002689417285,0.49652682244674856,15,0.11455187185888828,0.06895912235112482,0.19028854920107785,0.20861139944356466
Blood alkaline phosphatase increased,10,0.31824252570642597,0.17081371751961288,0.5929166968477014,30,0.4824169513104777,0.33588719649782905,0.6928698602931117,-0.1641744256040517
Blood creatinine increased,29,0.31664244967776933,0.21970540497246244,0.4563494509864491,48,0.26202135947867145,0.19708832946061525,0.3483473273681115,0.05462109019909789
Metabolic acidosis,20,0.3117761084872463,0.20079108183128502,0.48410686837738776,38,0.296712934176009,0.21539407691676296,0.40873252676004806,0.01506317431123727
Dyspnoea,302,0.3111669766390495,0.2777243794753225,0.34863661423461845,374,0.19136426960099565,0.17278923522345122,0.2119361407703736,0.11980270703805387
White blood cell count increased,16,0.31095649055748237,0.19013389716370982,0.508557077208436,34,0.33154874532867656,0.23625087496359076,0.46528746420922423,-0.020592254771194196
Hepatic failure,14,0.30840024582925113,0.18227930981500248,0.521785559337873,15,0.16446065480260827,0.0989441376697461,0.2733593683779496,0.14393959102664286
Blood pressure fluctuation,12,0.30653285289695603,0.17370562878374524,0.5409288723863136,14,0.17812672554189843,0.1052542450892301,0.3014522628078345,0.1284061273550576
Pain in jaw,12,0.30634619266518964,0.17360006976862552,0.5405988020945973,22,0.28114603174297936,0.1845884567284669,0.42821253596100134,0.02520016092221028
Aggression,18,0.30376174801509637,0.1910392312495347,0.4829960786256651,14,0.11732378007524435,0.06937871738592248,0.1984019003201882,0.186437967939852
Hepatic function abnormal,23,0.3017180565790613,0.20017716018632806,0.4547660960976266,19,0.12380691968091144,0.07885984418109339,0.1943720979929424,0.17791113689814986
Pruritus,313,0.2967768466838304,0.2654154960807759,0.3318438374102799,476,0.22482897554485484,0.20534474365916025,0.24616197787098323,0.07194787113897558
Mobility decreased,41,0.2947199576081099,0.21673390695926992,0.40076725709950567,134,0.4873983955673371,0.4106037348912189,0.5785558576678568,-0.19267843795922723
Anaphylactic reaction,35,0.29420187817810595,0.21095371330796472,0.4103020694267967,133,0.5679267326214236,0.4779827556779244,0.6747958368677659,-0.2737248544433176
Cardiac arrest,32,0.29123050202087736,0.2056698620125801,0.4123851908946407,45,0.20428434416895033,0.15229314415663622,0.27402476653588526,0.08694615785192703
Drug-induced liver injury,30,0.28993583910568815,0.20243626150493896,0.4152555978508255,36,0.1732848550426916,0.12481437547173418,0.24057838589247102,0.11665098406299657
Hyponatraemia,24,0.2896035919146395,0.193816748578529,0.4327295812409072,30,0.1803775476341918,0.12591193629570055,0.2584032987477465,0.10922604428044771
Dry eye,48,0.28733879753027375,0.21628493100146037,0.38173526090722515,59,0.1759023003988838,0.13612456147667737,0.2273037205774248,0.11143649713138995
Bone pain,34,0.28601835831120087,0.20409996450832574,0.4008158526049003,36,0.15066548600276933,0.10854109462501652,0.20913819554588103,0.13535287230843154
Injection site reaction,36,0.2826968733371018,0.2036575439759465,0.3924113029862142,1164,5.862986620844708,5.492037811327383,6.258990432532359,-5.5802897475076065
Cognitive disorder,23,0.2823335213151023,0.187333929569654,0.4255087022479125,28,0.17121691926035779,0.11802915055245049,0.24837282403367464,0.11111660205474452
Aphasia,12,0.2785276236552788,0.1578653197894621,0.4914165900561214,15,0.17349268385851982,0.10436669494484963,0.2884034161313421,0.10503493979675896
Emotional disorder,14,0.27656142670633027,0.1634933690105635,0.46782461701488964,10,0.09807730176255323,0.052691211119717925,0.18255714599475736,0.17848412494377702
Blister,31,0.27290657023297604,0.19167523128824393,0.3885634861414369,24,0.10490789281361278,0.07024027637972467,0.15668597194998116,0.16799867741936325
Aspartate aminotransferase increased,22,0.2666858113685918,0.17534219281661634,0.40561442082401233,64,0.3908651566892052,0.3051985553475839,0.5005776339264916,-0.12417934532061337
Rash macular,19,0.2654403427703363,0.1690496193086447,0.4167922758902693,25,0.17408981557767667,0.1174327934635489,0.2580817759161699,0.09135052719265963
Gastrointestinal haemorrhage,20,0.2639132364693629,0.17000854419236014,0.4096864467289745,24,0.15773219756082565,0.10555519386199076,0.2357008237784701,0.10618103890853722
Adverse event,35,0.2638176160583699,0.18918962576940607,0.3678834622124215,35,0.13119060116624756,0.09408725208338023,0.1829256722165618,0.13262701489212234
Pyrexia,155,0.26303111413136626,0.2245262920674387,0.30813926673855774,192,0.1620403238888732,0.1405602768838653,0.186802894445813,0.10099079024249305
Dysarthria,14,0.2619848945195568,0.15489026209918827,0.4431271793734218,17,0.1584693915692307,0.09833009598201299,0.25539025273519383,0.1035155029503261
Wound,20,0.257181752977501,0.16567802943747306,0.39922284378413947,14,0.08937277729739428,0.05286852427524428,0.15108220687729287,0.16780897568010672
Joint stiffness,12,0.256639200854835,0.14548065459320844,0.45273153052256815,11,0.11696818410464789,0.06466614254161643,0.21157216984040647,0.13967101675018712
Ocular hyperaemia,32,0.2554380784589122,0.1804194092916367,0.361649626184681,38,0.1510337758735846,0.10976141278149264,0.20782532655664296,0.1044043025853276
Haemorrhage,45,0.25255252664164807,0.1883630056004846,0.3386162718615925,50,0.13962368305081072,0.10571355095152438,0.1844112953656499,0.11292884359083735
Septic shock,22,0.243405262781752,0.16005401885585135,0.37016328845333324,22,0.12106505021253693,0.07961277873328125,0.18410042478315106,0.12234021256921508
Injection site urticaria,14,0.24059483376862587,0.14226297370349003,0.40689346306510277,425,4.395856986607541,3.958371503141101,4.881694058117696,-4.155262152838915
Cardiac failure,31,0.2393025986174379,0.1680971347794156,0.3406704925708887,44,0.16935126781792217,0.12586356893134107,0.22786460097268135,0.06995133079951574
Ear infection,15,0.23661803103968226,0.1424289433512917,0.3930949096140176,15,0.11770265207252491,0.07085316697589795,0.19552992330771218,0.11891537896715736
Flushing,28,0.23636186188479977,0.16300271035871064,0.3427362013227022,43,0.18111099960548646,0.13413156685952551,0.24454492664244235,0.055250862279313306
Lung neoplasm malignant,10,0.2357486519122804,0.12661265437069796,0.43895633619477964,11,0.12908232093734331,0.07135128883090203,0.23352410098799684,0.10666633097493708
Multiple sclerosis,13,0.23316137554891564,0.13516751651439826,0.4021989043652475,22,0.1970703518773874,0.12949609806881998,0.2999065158583986,0.03609102367152825
General physical health deterioration,67,0.2304533398871301,0.1812189900205022,0.29306388838788167,36,0.06135684170482588,0.04423291310372681,0.08510997263876507,0.1690964981823042
Hepatic cytolysis,15,0.2255692533566037,0.13578729232551826,0.37471465251607783,10,0.07466477880364358,0.04012692609234439,0.1389298841622612,0.1509044745529601
Suicide attempt,19,0.22169131743007053,0.14122034878776046,0.34801670329920503,10,0.05788395555558974,0.03111617371998678,0.1076788020568652,0.1638073618744808
Procedural pain,15,0.21535676453183772,0.1296475687523971,0.35772777288400853,20,0.14309037195807023,0.09217060846390243,0.22214082003285937,0.07226639257376749
Accidental exposure to product,75,0.21508986878767153,0.17138423312800624,0.269941118915785,21,0.029792950259573243,0.01941779289664249,0.045711677423590356,0.1852969185280983
Eye irritation,42,0.21137832734328457,0.1560645256580458,0.2862969472533765,33,0.08247732080957308,0.05859040254735328,0.11610277711315245,0.1289010065337115
Seizure,61,0.21046226917329994,0.16361279923624808,0.2707267826988026,87,0.1495772480402323,0.12112057229470202,0.18471967814725906,0.060885021133067624
Restlessness,10,0.20180314745044384,0.10840873519741862,0.3756570930077163,25,0.25286137963281596,0.17044312322616093,0.3751332180469999,-0.051058232182372126
Cerebral haemorrhage,10,0.2008357773922465,0.10788983150660333,0.3738536701512905,15,0.1502372972333181,0.09040247121962965,0.24967509378295996,0.0505984801589284
Night sweats,14,0.19914955834943576,0.1177868521198138,0.33671454731154776,36,0.2567393261435978,0.18480546039902157,0.35667280309980315,-0.05758976779416203
Epistaxis,23,0.19703479638200383,0.13079058060606943,0.2968310929227277,35,0.1495214557156857,0.10721825539916176,0.20851547748194893,0.04751334066631813
Lactic acidosis,14,0.19407030125000813,0.11478635443213134,0.3281163690021859,14,0.09653859422576974,0.05710235237871556,0.16321044207211455,0.09753170702423838
Eye pruritus,20,0.1923910288740207,0.12398121121464872,0.29854772048581923,23,0.11012813025987235,0.07309849848656337,0.16591592612213174,0.08226289861414836
Coma,13,0.19203316116944877,0.1113543506457232,0.33116564170946305,12,0.08814624555616454,0.04999631280723946,0.15540667240010142,0.10388691561328423
Product administered at inappropriate site,10,0.19182371015871932,0.1030553442791391,0.3570541250086807,382,4.417057876551354,3.9546037193740657,4.933591750096381,-4.225234166392634
Respiratory disorder,10,0.18973845460522465,0.10193662601583582,0.3531672820953108,15,0.14191676917082374,0.08540432059334087,0.235823776033355,0.04782168543440091
Completed suicide,15,0.18925307537824917,0.11395067291025811,0.3143178151157803,16,0.10044833801945079,0.06146122129561063,0.16416641905536666,0.08880473735879839
Injection site rash,14,0.18558598506893081,0.10977394484186888,0.3137553078157107,709,6.054761196020814,5.567701472763521,6.5844286587878385,-5.869175210951883
Joint swelling,44,0.181424669460397,0.13489976092692374,0.24399532262065746,50,0.10257076472242288,0.07767861151385334,0.13543962193333411,0.07885390473797413
Erythema,62,0.18089683697581452,0.14092750784159444,0.23220211674101635,139,0.2028990347500465,0.17165382088480544,0.23983164540291751,-0.022002197774231985
Rheumatoid arthritis,39,0.1804650912268024,0.13174046858618457,0.24721066731436714,20,0.04590642946385985,0.02960035557459385,0.07119509969431356,0.13455866176294257
Dyskinesia,11,0.17548378844446635,0.0970529073604607,0.3172966255657778,12,0.095270801849959,0.05403214329376454,0.16798381725830241,0.08021298659450736
Upper respiratory tract infection,16,0.1680534576272378,0.10284143252678632,0.2746166007860095,13,0.06786537270796268,0.0393691594630341,0.11698773546626624,0.10018808491927512
Agitation,15,0.16698592295986736,0.10055690749257506,0.27729868750008735,31,0.17243868141714058,0.12108363951678462,0.24557486847560625,-0.005452758457273221
Oedema,18,0.16606783961567795,0.1045207979060815,0.26385683908957114,12,0.054990722076307695,0.03120456398175009,0.09690824445559573,0.11107711753937025
Rash erythematous,23,0.15821348153725023,0.10504098794696148,0.23830226875605,57,0.1962059278074067,0.1511429798397642,0.25470429488407614,-0.037992446270156466
Dry skin,49,0.15711845194125457,0.11866164606174012,0.20803864399093194,36,0.057316395172754886,0.04132140663625545,0.07950283940036516,0.09980205676849968
Multiple organ dysfunction syndrome,14,0.15347875981613057,0.09080068024138915,0.2594223925644141,27,0.1477693175440629,0.10119406262199489,0.21578115001672055,0.005709442272067683
Liver injury,14,0.15212236128919543,0.08999897088905998,0.2571275268550152,49,0.2674137910821342,0.2017251318094484,0.3544929430432522,-0.11529142979293877
Skin exfoliation,26,0.14240513995371012,0.09688175775823978,0.2093193223830729,15,0.040792969494815846,0.024578867042533047,0.06770313527166878,0.10161217045889429
Intentional dose omission,22,0.1418044068706265,0.09329215754147818,0.2155431961040224,26,0.08340735728317204,0.05674144083379931,0.12260505103033528,0.058397049587454467
Pneumonia,92,0.14152432864688136,0.11529662660982519,0.17371831412493088,93,0.07106534282024023,0.057966460606743965,0.08712422489308766,0.07045898582664113
Productive cough,18,0.13925984098771133,0.0876611045133876,0.2212304239100808,14,0.05383146318393676,0.03185819580985937,0.09096015498864904,0.08542837780377457
Oxygen saturation decreased,17,0.13117892075826296,0.08147794884106002,0.2111971336547795,10,0.03832809448474123,0.02060966748083644,0.0712793075481308,0.09285082627352173
Foetal exposure during pregnancy,18,0.1289060088338327,0.08114819723369818,0.20477052701015236,40,0.1430671947224666,0.1048212108417418,0.19526794282751533,-0.014161185888633882
Asthma,41,0.11922612004106062,0.08773346363251786,0.16202332737695252,37,0.05347422767794818,0.03872451325577534,0.0738419359041673,0.06575189236311244
Intentional overdose,16,0.11783480215126144,0.07213086780801757,0.19249790027458358,10,0.03659048105547438,0.019675829637134257,0.06804609150224543,0.08124432109578705
Injection site pruritus,15,0.11584675249855417,0.06978296198473517,0.1923172889594018,1155,5.716055306957103,5.353996476361059,6.102598015604122,-5.600208554458549
Intentional product use issue,26,0.11307170189637474,0.0769357891453384,0.16618026424074575,10,0.021586315407402905,0.011610207774667085,0.040134424974254304,0.09148538648897184
Oedema peripheral,16,0.10648996091804121,0.0651905926833834,0.17395319339099147,21,0.06958146911214945,0.04533184754785547,0.106803077873539,0.03690849180589176
Infection,33,0.10507403664922292,0.07465530586453145,0.1478870530354036,66,0.10480824629644538,0.08228140260772944,0.13350244579696136,0.00026579035277754515
Wheezing,16,0.10000301334273798,0.06122175148529354,0.16335048303918812,17,0.05285891120170089,0.03283820641394688,0.08508578264623548,0.04714410214103709
Systemic lupus erythematosus,12,0.09792623809836844,0.055570509099865203,0.17256541758264385,15,0.060928714247196036,0.03670226246795804,0.10114657708247288,0.0369975238511724
Colitis ulcerative,15,0.09403243995985643,0.05665003818533881,0.1560828562176038,21,0.06554602000247337,0.04270454002386357,0.1006047772851282,0.02848641995738306
Product prescribing issue,13,0.09371345162159789,0.05437616702619236,0.16150846032607036,15,0.05380731134200394,0.032415259142506585,0.08931678568809569,0.039906140279593945
Hallucination,14,0.09317348867909649,0.05514373252743743,0.1574303841023862,19,0.0629528642878014,0.04012453941584261,0.09876906201877998,0.03022062439129508
Anaemia,27,0.09278043932153363,0.06359075328113416,0.13536889369182276,37,0.06328765392818846,0.04582765789074042,0.08739977830164072,0.02949278539334517
Platelet count decreased,16,0.0914238403107556,0.05597238558516328,0.14932932534113924,10,0.028395207350660884,0.015270832178538696,0.05279920511602283,0.06302863296009471
Psoriasis,19,0.09061448298274315,0.057763049554761456,0.14214942925486543,22,0.05220445795759308,0.034353406774589396,0.07933144588914434,0.03841002502515007
Crohn's disease,16,0.08995377911247372,0.055072841943944115,0.1469269079095615,16,0.04474238127724171,0.027394321839228596,0.07307648256841977,0.04521139783523201
Thrombocytopenia,17,0.08549789419439527,0.05311821745316425,0.1376154973220126,11,0.02749377565611357,0.015219203571881109,0.04966801950302531,0.0580041185382817
Haemoglobin decreased,11,0.0757543513015015,0.0419259809999529,0.13687745889876132,14,0.047986143218229214,0.028400932887537367,0.08107726426024696,0.027768208083272287
Death,107,0.07471076125058757,0.06178604070057341,0.09033914106411572,178,0.06183136780976934,0.05336104735484918,0.07164623324957199,0.012879393440818225
Therapy interrupted,21,0.07120367258515849,0.04640203342655278,0.10926165547549584,23,0.03879099117703337,0.025765780626656003,0.05840075324323573,0.032412681408125116
Toxicity to various agents,20,0.06001982349283111,0.038704814656217765,0.09307315495778754,25,0.037327171300366516,0.025211369735583154,0.055265450941381675,0.022692652192464594
Eczema,17,0.05915784987422155,0.0367591181935054,0.09520498242961803,25,0.04330200315123849,0.02924523068769111,0.06411518845358448,0.015855846722983055
Therapeutic response shortened,10,0.05799833479160448,0.03118974073026809,0.10784978521269434,23,0.0664888562031896,0.044151339283809425,0.10012760815229779,-0.008490521411585121
